,Varible,Perspectiva_SE_14_años,Opinión_Situación_Económica,Factor_Expansión,Demográfico,ID
0,Hombre,1,1,1289967.0,Sexo,0
1,Hombre,1,2,943751.0,Sexo,1
2,Hombre,1,3,1027508.0,Sexo,2
3,Hombre,1,4,549509.0,Sexo,3
4,Hombre,1,5,712872.0,Sexo,4
5,Hombre,1,6,196358.0,Sexo,5
6,Hombre,1,7,65738.0,Sexo,6
7,Hombre,1,8,27007.0,Sexo,7
8,Hombre,1,9,8212.0,Sexo,8
9,Hombre,1,10,39238.0,Sexo,9
10,Hombre,2,1,165810.0,Sexo,10
11,Hombre,2,2,453121.0,Sexo,11
12,Hombre,2,3,595753.0,Sexo,12
13,Hombre,2,4,1023444.0,Sexo,13
14,Hombre,2,5,1053864.0,Sexo,14
15,Hombre,2,6,357767.0,Sexo,15
16,Hombre,2,7,156463.0,Sexo,16
17,Hombre,2,8,39603.0,Sexo,17
18,Hombre,2,9,1001.0,Sexo,18
19,Hombre,2,10,3011.0,Sexo,19
20,Hombre,3,1,117708.0,Sexo,20
21,Hombre,3,2,172333.0,Sexo,21
22,Hombre,3,3,456360.0,Sexo,22
23,Hombre,3,4,660652.0,Sexo,23
24,Hombre,3,5,1634301.0,Sexo,24
25,Hombre,3,6,572286.0,Sexo,25
26,Hombre,3,7,316204.0,Sexo,26
27,Hombre,3,8,95704.0,Sexo,27
28,Hombre,3,9,14254.0,Sexo,28
29,Hombre,3,10,5685.0,Sexo,29
30,Hombre,4,1,133595.0,Sexo,30
31,Hombre,4,2,92067.0,Sexo,31
32,Hombre,4,3,133107.0,Sexo,32
33,Hombre,4,4,564741.0,Sexo,33
34,Hombre,4,5,948628.0,Sexo,34
35,Hombre,4,6,910633.0,Sexo,35
36,Hombre,4,7,607029.0,Sexo,36
37,Hombre,4,8,229090.0,Sexo,37
38,Hombre,4,9,5323.0,Sexo,38
39,Hombre,4,10,5642.0,Sexo,39
40,Hombre,5,1,172493.0,Sexo,40
41,Hombre,5,2,79594.0,Sexo,41
42,Hombre,5,3,207464.0,Sexo,42
43,Hombre,5,4,287486.0,Sexo,43
44,Hombre,5,5,1347566.0,Sexo,44
45,Hombre,5,6,670823.0,Sexo,45
46,Hombre,5,7,985561.0,Sexo,46
47,Hombre,5,8,425483.0,Sexo,47
48,Hombre,5,9,29017.0,Sexo,48
49,Hombre,5,10,12038.0,Sexo,49
50,Hombre,6,1,37609.0,Sexo,50
51,Hombre,6,2,46103.0,Sexo,51
52,Hombre,6,3,120862.0,Sexo,52
53,Hombre,6,4,310961.0,Sexo,53
54,Hombre,6,5,335604.0,Sexo,54
55,Hombre,6,6,655517.0,Sexo,55
56,Hombre,6,7,607228.0,Sexo,56
57,Hombre,6,8,485743.0,Sexo,57
58,Hombre,6,9,15361.0,Sexo,58
59,Hombre,6,10,23530.0,Sexo,59
60,Hombre,7,1,22557.0,Sexo,60
61,Hombre,7,2,36719.0,Sexo,61
62,Hombre,7,3,58556.0,Sexo,62
63,Hombre,7,4,200899.0,Sexo,63
64,Hombre,7,5,516143.0,Sexo,64
65,Hombre,7,6,387187.0,Sexo,65
66,Hombre,7,7,722725.0,Sexo,66
67,Hombre,7,8,371836.0,Sexo,67
68,Hombre,7,9,32201.0,Sexo,68
69,Hombre,7,10,14731.0,Sexo,69
70,Hombre,8,1,67672.0,Sexo,70
71,Hombre,8,2,70219.0,Sexo,71
72,Hombre,8,3,74172.0,Sexo,72
73,Hombre,8,4,158198.0,Sexo,73
74,Hombre,8,5,468959.0,Sexo,74
75,Hombre,8,6,446602.0,Sexo,75
76,Hombre,8,7,459780.0,Sexo,76
77,Hombre,8,8,542046.0,Sexo,77
78,Hombre,8,9,54454.0,Sexo,78
79,Hombre,8,10,32135.0,Sexo,79
80,Hombre,9,1,2790.0,Sexo,80
81,Hombre,9,2,11930.0,Sexo,81
82,Hombre,9,3,12955.0,Sexo,82
83,Hombre,9,4,32804.0,Sexo,83
84,Hombre,9,5,89977.0,Sexo,84
85,Hombre,9,6,98804.0,Sexo,85
86,Hombre,9,7,279808.0,Sexo,86
87,Hombre,9,8,176447.0,Sexo,87
88,Hombre,9,9,26559.0,Sexo,88
89,Hombre,9,10,2295.0,Sexo,89
90,Hombre,10,1,38324.0,Sexo,90
91,Hombre,10,2,10602.0,Sexo,91
92,Hombre,10,3,17507.0,Sexo,92
93,Hombre,10,4,45309.0,Sexo,93
94,Hombre,10,5,72654.0,Sexo,94
95,Hombre,10,6,86064.0,Sexo,95
96,Hombre,10,7,83647.0,Sexo,96
97,Hombre,10,8,108063.0,Sexo,97
98,Hombre,10,9,45245.0,Sexo,98
99,Hombre,10,10,56105.0,Sexo,99
100,Mujer,1,1,1573492.0,Sexo,100
101,Mujer,1,2,1079949.0,Sexo,101
102,Mujer,1,3,1247878.0,Sexo,102
103,Mujer,1,4,794843.0,Sexo,103
104,Mujer,1,5,1015232.0,Sexo,104
105,Mujer,1,6,218542.0,Sexo,105
106,Mujer,1,7,135171.0,Sexo,106
107,Mujer,1,8,104983.0,Sexo,107
108,Mujer,1,9,23324.0,Sexo,108
109,Mujer,1,10,30744.0,Sexo,109
110,Mujer,2,1,203992.0,Sexo,110
111,Mujer,2,2,312231.0,Sexo,111
112,Mujer,2,3,580637.0,Sexo,112
113,Mujer,2,4,953784.0,Sexo,113
114,Mujer,2,5,1237977.0,Sexo,114
115,Mujer,2,6,401765.0,Sexo,115
116,Mujer,2,7,168744.0,Sexo,116
117,Mujer,2,8,74731.0,Sexo,117
118,Mujer,2,9,32766.0,Sexo,118
119,Mujer,2,10,8262.0,Sexo,119
120,Mujer,3,1,103384.0,Sexo,120
121,Mujer,3,2,147112.0,Sexo,121
122,Mujer,3,3,404153.0,Sexo,122
123,Mujer,3,4,578171.0,Sexo,123
124,Mujer,3,5,2181309.0,Sexo,124
125,Mujer,3,6,673033.0,Sexo,125
126,Mujer,3,7,401111.0,Sexo,126
127,Mujer,3,8,139700.0,Sexo,127
128,Mujer,3,9,16599.0,Sexo,128
129,Mujer,3,10,12962.0,Sexo,129
130,Mujer,4,1,51259.0,Sexo,130
131,Mujer,4,2,86346.0,Sexo,131
132,Mujer,4,3,122880.0,Sexo,132
133,Mujer,4,4,404291.0,Sexo,133
134,Mujer,4,5,1087050.0,Sexo,134
135,Mujer,4,6,884030.0,Sexo,135
136,Mujer,4,7,559973.0,Sexo,136
137,Mujer,4,8,217359.0,Sexo,137
138,Mujer,4,9,13299.0,Sexo,138
139,Mujer,4,10,13142.0,Sexo,139
140,Mujer,5,1,142064.0,Sexo,140
141,Mujer,5,2,114431.0,Sexo,141
142,Mujer,5,3,266951.0,Sexo,142
143,Mujer,5,4,285221.0,Sexo,143
144,Mujer,5,5,1530815.0,Sexo,144
145,Mujer,5,6,575515.0,Sexo,145
146,Mujer,5,7,1021716.0,Sexo,146
147,Mujer,5,8,389233.0,Sexo,147
148,Mujer,5,9,30414.0,Sexo,148
149,Mujer,5,10,37879.0,Sexo,149
150,Mujer,6,1,71311.0,Sexo,150
151,Mujer,6,2,56679.0,Sexo,151
152,Mujer,6,3,166425.0,Sexo,152
153,Mujer,6,4,293792.0,Sexo,153
154,Mujer,6,5,387354.0,Sexo,154
155,Mujer,6,6,636785.0,Sexo,155
156,Mujer,6,7,432798.0,Sexo,156
157,Mujer,6,8,484009.0,Sexo,157
158,Mujer,6,9,37528.0,Sexo,158
159,Mujer,6,10,25288.0,Sexo,159
160,Mujer,7,1,40472.0,Sexo,160
161,Mujer,7,2,42296.0,Sexo,161
162,Mujer,7,3,76387.0,Sexo,162
163,Mujer,7,4,224811.0,Sexo,163
164,Mujer,7,5,606404.0,Sexo,164
165,Mujer,7,6,292891.0,Sexo,165
166,Mujer,7,7,580795.0,Sexo,166
167,Mujer,7,8,360509.0,Sexo,167
168,Mujer,7,9,63749.0,Sexo,168
169,Mujer,7,10,22135.0,Sexo,169
170,Mujer,8,1,57637.0,Sexo,170
171,Mujer,8,2,44198.0,Sexo,171
172,Mujer,8,3,97025.0,Sexo,172
173,Mujer,8,4,179075.0,Sexo,173
174,Mujer,8,5,734433.0,Sexo,174
175,Mujer,8,6,467150.0,Sexo,175
176,Mujer,8,7,525207.0,Sexo,176
177,Mujer,8,8,508484.0,Sexo,177
178,Mujer,8,9,49332.0,Sexo,178
179,Mujer,8,10,42159.0,Sexo,179
180,Mujer,9,1,33034.0,Sexo,180
181,Mujer,9,2,42692.0,Sexo,181
182,Mujer,9,3,26835.0,Sexo,182
183,Mujer,9,4,83554.0,Sexo,183
184,Mujer,9,5,205158.0,Sexo,184
185,Mujer,9,6,194457.0,Sexo,185
186,Mujer,9,7,367088.0,Sexo,186
187,Mujer,9,8,276688.0,Sexo,187
188,Mujer,9,9,71032.0,Sexo,188
189,Mujer,9,10,8577.0,Sexo,189
190,Mujer,10,1,55029.0,Sexo,190
191,Mujer,10,2,24609.0,Sexo,191
192,Mujer,10,3,45875.0,Sexo,192
193,Mujer,10,4,48314.0,Sexo,193
194,Mujer,10,5,235887.0,Sexo,194
195,Mujer,10,6,91839.0,Sexo,195
196,Mujer,10,7,126398.0,Sexo,196
197,Mujer,10,8,167772.0,Sexo,197
198,Mujer,10,9,50960.0,Sexo,198
199,Mujer,10,10,97042.0,Sexo,199
0,No,1,1,2156075.0,Lengua_Indígena,200
1,No,1,2,1492771.0,Lengua_Indígena,201
2,No,1,3,1968335.0,Lengua_Indígena,202
3,No,1,4,1134988.0,Lengua_Indígena,203
4,No,1,5,1579922.0,Lengua_Indígena,204
5,No,1,6,396542.0,Lengua_Indígena,205
6,No,1,7,184915.0,Lengua_Indígena,206
7,No,1,8,127239.0,Lengua_Indígena,207
8,No,1,9,28882.0,Lengua_Indígena,208
9,No,1,10,55767.0,Lengua_Indígena,209
10,No,2,1,292312.0,Lengua_Indígena,210
11,No,2,2,644643.0,Lengua_Indígena,211
12,No,2,3,1032320.0,Lengua_Indígena,212
13,No,2,4,1801286.0,Lengua_Indígena,213
14,No,2,5,2137274.0,Lengua_Indígena,214
15,No,2,6,694190.0,Lengua_Indígena,215
16,No,2,7,315334.0,Lengua_Indígena,216
17,No,2,8,107630.0,Lengua_Indígena,217
18,No,2,9,22811.0,Lengua_Indígena,218
19,No,2,10,11273.0,Lengua_Indígena,219
20,No,3,1,194707.0,Lengua_Indígena,220
21,No,3,2,293864.0,Lengua_Indígena,221
22,No,3,3,767634.0,Lengua_Indígena,222
23,No,3,4,1183915.0,Lengua_Indígena,223
24,No,3,5,3613387.0,Lengua_Indígena,224
25,No,3,6,1209407.0,Lengua_Indígena,225
26,No,3,7,695816.0,Lengua_Indígena,226
27,No,3,8,220809.0,Lengua_Indígena,227
28,No,3,9,28154.0,Lengua_Indígena,228
29,No,3,10,13618.0,Lengua_Indígena,229
30,No,4,1,169268.0,Lengua_Indígena,230
31,No,4,2,160930.0,Lengua_Indígena,231
32,No,4,3,239415.0,Lengua_Indígena,232
33,No,4,4,931509.0,Lengua_Indígena,233
34,No,4,5,1973337.0,Lengua_Indígena,234
35,No,4,6,1722260.0,Lengua_Indígena,235
36,No,4,7,1124324.0,Lengua_Indígena,236
37,No,4,8,429899.0,Lengua_Indígena,237
38,No,4,9,17295.0,Lengua_Indígena,238
39,No,4,10,17401.0,Lengua_Indígena,239
40,No,5,1,292715.0,Lengua_Indígena,240
41,No,5,2,171182.0,Lengua_Indígena,241
42,No,5,3,446229.0,Lengua_Indígena,242
43,No,5,4,548228.0,Lengua_Indígena,243
44,No,5,5,2804435.0,Lengua_Indígena,244
45,No,5,6,1212170.0,Lengua_Indígena,245
46,No,5,7,1949768.0,Lengua_Indígena,246
47,No,5,8,782406.0,Lengua_Indígena,247
48,No,5,9,55112.0,Lengua_Indígena,248
49,No,5,10,45380.0,Lengua_Indígena,249
50,No,6,1,106701.0,Lengua_Indígena,250
51,No,6,2,89085.0,Lengua_Indígena,251
52,No,6,3,281291.0,Lengua_Indígena,252
53,No,6,4,590083.0,Lengua_Indígena,253
54,No,6,5,677820.0,Lengua_Indígena,254
55,No,6,6,1273776.0,Lengua_Indígena,255
56,No,6,7,1021876.0,Lengua_Indígena,256
57,No,6,8,928077.0,Lengua_Indígena,257
58,No,6,9,51972.0,Lengua_Indígena,258
59,No,6,10,48818.0,Lengua_Indígena,259
60,No,7,1,63029.0,Lengua_Indígena,260
61,No,7,2,63997.0,Lengua_Indígena,261
62,No,7,3,122110.0,Lengua_Indígena,262
63,No,7,4,402888.0,Lengua_Indígena,263
64,No,7,5,1107584.0,Lengua_Indígena,264
65,No,7,6,667699.0,Lengua_Indígena,265
66,No,7,7,1261694.0,Lengua_Indígena,266
67,No,7,8,708475.0,Lengua_Indígena,267
68,No,7,9,92985.0,Lengua_Indígena,268
69,No,7,10,32348.0,Lengua_Indígena,269
70,No,8,1,123694.0,Lengua_Indígena,270
71,No,8,2,109778.0,Lengua_Indígena,271
72,No,8,3,169113.0,Lengua_Indígena,272
73,No,8,4,331334.0,Lengua_Indígena,273
74,No,8,5,1170914.0,Lengua_Indígena,274
75,No,8,6,901923.0,Lengua_Indígena,275
76,No,8,7,979406.0,Lengua_Indígena,276
77,No,8,8,1037225.0,Lengua_Indígena,277
78,No,8,9,100162.0,Lengua_Indígena,278
79,No,8,10,74294.0,Lengua_Indígena,279
80,No,9,1,34479.0,Lengua_Indígena,280
81,No,9,2,48419.0,Lengua_Indígena,281
82,No,9,3,34089.0,Lengua_Indígena,282
83,No,9,4,114688.0,Lengua_Indígena,283
84,No,9,5,290758.0,Lengua_Indígena,284
85,No,9,6,278656.0,Lengua_Indígena,285
86,No,9,7,638796.0,Lengua_Indígena,286
87,No,9,8,448914.0,Lengua_Indígena,287
88,No,9,9,97591.0,Lengua_Indígena,288
89,No,9,10,7519.0,Lengua_Indígena,289
90,No,10,1,87433.0,Lengua_Indígena,290
91,No,10,2,35211.0,Lengua_Indígena,291
92,No,10,3,62494.0,Lengua_Indígena,292
93,No,10,4,88042.0,Lengua_Indígena,293
94,No,10,5,295976.0,Lengua_Indígena,294
95,No,10,6,171094.0,Lengua_Indígena,295
96,No,10,7,199762.0,Lengua_Indígena,296
97,No,10,8,265195.0,Lengua_Indígena,297
98,No,10,9,96205.0,Lengua_Indígena,298
99,No,10,10,125248.0,Lengua_Indígena,299
100,Sí,1,1,707384.0,Lengua_Indígena,300
101,Sí,1,2,530929.0,Lengua_Indígena,301
102,Sí,1,3,307051.0,Lengua_Indígena,302
103,Sí,1,4,209364.0,Lengua_Indígena,303
104,Sí,1,5,148182.0,Lengua_Indígena,304
105,Sí,1,6,18358.0,Lengua_Indígena,305
106,Sí,1,7,15994.0,Lengua_Indígena,306
107,Sí,1,8,4751.0,Lengua_Indígena,307
108,Sí,1,9,2654.0,Lengua_Indígena,308
109,Sí,1,10,14215.0,Lengua_Indígena,309
110,Sí,2,1,77490.0,Lengua_Indígena,310
111,Sí,2,2,120709.0,Lengua_Indígena,311
112,Sí,2,3,144070.0,Lengua_Indígena,312
113,Sí,2,4,175942.0,Lengua_Indígena,313
114,Sí,2,5,154567.0,Lengua_Indígena,314
115,Sí,2,6,65342.0,Lengua_Indígena,315
116,Sí,2,7,9873.0,Lengua_Indígena,316
117,Sí,2,8,6704.0,Lengua_Indígena,317
118,Sí,2,9,10956.0,Lengua_Indígena,318
119,Sí,3,1,26385.0,Lengua_Indígena,319
120,Sí,3,2,25581.0,Lengua_Indígena,320
121,Sí,3,3,92879.0,Lengua_Indígena,321
122,Sí,3,4,54908.0,Lengua_Indígena,322
123,Sí,3,5,202223.0,Lengua_Indígena,323
124,Sí,3,6,35912.0,Lengua_Indígena,324
125,Sí,3,7,21499.0,Lengua_Indígena,325
126,Sí,3,8,14595.0,Lengua_Indígena,326
127,Sí,3,9,2699.0,Lengua_Indígena,327
128,Sí,3,10,5029.0,Lengua_Indígena,328
129,Sí,4,1,15586.0,Lengua_Indígena,329
130,Sí,4,2,17483.0,Lengua_Indígena,330
131,Sí,4,3,16572.0,Lengua_Indígena,331
132,Sí,4,4,37523.0,Lengua_Indígena,332
133,Sí,4,5,62341.0,Lengua_Indígena,333
134,Sí,4,6,72403.0,Lengua_Indígena,334
135,Sí,4,7,42678.0,Lengua_Indígena,335
136,Sí,4,8,16550.0,Lengua_Indígena,336
137,Sí,4,9,1327.0,Lengua_Indígena,337
138,Sí,4,10,1383.0,Lengua_Indígena,338
139,Sí,5,1,21842.0,Lengua_Indígena,339
140,Sí,5,2,22843.0,Lengua_Indígena,340
141,Sí,5,3,28186.0,Lengua_Indígena,341
142,Sí,5,4,24479.0,Lengua_Indígena,342
143,Sí,5,5,73946.0,Lengua_Indígena,343
144,Sí,5,6,34168.0,Lengua_Indígena,344
145,Sí,5,7,57509.0,Lengua_Indígena,345
146,Sí,5,8,32310.0,Lengua_Indígena,346
147,Sí,5,9,4319.0,Lengua_Indígena,347
148,Sí,5,10,4537.0,Lengua_Indígena,348
149,Sí,6,1,2219.0,Lengua_Indígena,349
150,Sí,6,2,13697.0,Lengua_Indígena,350
151,Sí,6,3,5996.0,Lengua_Indígena,351
152,Sí,6,4,14670.0,Lengua_Indígena,352
153,Sí,6,5,45138.0,Lengua_Indígena,353
154,Sí,6,6,18526.0,Lengua_Indígena,354
155,Sí,6,7,18150.0,Lengua_Indígena,355
156,Sí,6,8,41675.0,Lengua_Indígena,356
157,Sí,6,9,917.0,Lengua_Indígena,357
158,Sí,7,2,15018.0,Lengua_Indígena,358
159,Sí,7,3,12833.0,Lengua_Indígena,359
160,Sí,7,4,22822.0,Lengua_Indígena,360
161,Sí,7,5,14963.0,Lengua_Indígena,361
162,Sí,7,6,12379.0,Lengua_Indígena,362
163,Sí,7,7,41826.0,Lengua_Indígena,363
164,Sí,7,8,23870.0,Lengua_Indígena,364
165,Sí,7,9,2965.0,Lengua_Indígena,365
166,Sí,7,10,4518.0,Lengua_Indígena,366
167,Sí,8,1,1615.0,Lengua_Indígena,367
168,Sí,8,2,4639.0,Lengua_Indígena,368
169,Sí,8,3,2084.0,Lengua_Indígena,369
170,Sí,8,4,5939.0,Lengua_Indígena,370
171,Sí,8,5,32478.0,Lengua_Indígena,371
172,Sí,8,6,11829.0,Lengua_Indígena,372
173,Sí,8,7,5581.0,Lengua_Indígena,373
174,Sí,8,8,13305.0,Lengua_Indígena,374
175,Sí,8,9,3624.0,Lengua_Indígena,375
176,Sí,9,1,1345.0,Lengua_Indígena,376
177,Sí,9,2,6203.0,Lengua_Indígena,377
178,Sí,9,3,5701.0,Lengua_Indígena,378
179,Sí,9,4,1670.0,Lengua_Indígena,379
180,Sí,9,5,4377.0,Lengua_Indígena,380
181,Sí,9,6,14605.0,Lengua_Indígena,381
182,Sí,9,7,8100.0,Lengua_Indígena,382
183,Sí,9,8,4221.0,Lengua_Indígena,383
184,Sí,9,10,3353.0,Lengua_Indígena,384
185,Sí,10,1,5920.0,Lengua_Indígena,385
186,Sí,10,3,888.0,Lengua_Indígena,386
187,Sí,10,4,5581.0,Lengua_Indígena,387
188,Sí,10,5,12565.0,Lengua_Indígena,388
189,Sí,10,6,6809.0,Lengua_Indígena,389
190,Sí,10,7,10283.0,Lengua_Indígena,390
191,Sí,10,8,10640.0,Lengua_Indígena,391
192,Sí,10,10,27899.0,Lengua_Indígena,392
0,Blanca,1,1,281329.0,Origen_Racial,393
1,Blanca,1,2,164285.0,Origen_Racial,394
2,Blanca,1,3,181500.0,Origen_Racial,395
3,Blanca,1,4,128492.0,Origen_Racial,396
4,Blanca,1,5,141153.0,Origen_Racial,397
5,Blanca,1,6,31989.0,Origen_Racial,398
6,Blanca,1,7,18286.0,Origen_Racial,399
7,Blanca,1,8,14102.0,Origen_Racial,400
8,Blanca,1,9,6099.0,Origen_Racial,401
9,Blanca,1,10,14094.0,Origen_Racial,402
10,Blanca,2,1,32032.0,Origen_Racial,403
11,Blanca,2,2,77916.0,Origen_Racial,404
12,Blanca,2,3,90161.0,Origen_Racial,405
13,Blanca,2,4,214449.0,Origen_Racial,406
14,Blanca,2,5,213452.0,Origen_Racial,407
15,Blanca,2,6,84639.0,Origen_Racial,408
16,Blanca,2,7,22412.0,Origen_Racial,409
17,Blanca,2,8,23584.0,Origen_Racial,410
18,Blanca,2,9,789.0,Origen_Racial,411
19,Blanca,3,1,16044.0,Origen_Racial,412
20,Blanca,3,2,29138.0,Origen_Racial,413
21,Blanca,3,3,93116.0,Origen_Racial,414
22,Blanca,3,4,104043.0,Origen_Racial,415
23,Blanca,3,5,333602.0,Origen_Racial,416
24,Blanca,3,6,186562.0,Origen_Racial,417
25,Blanca,3,7,116054.0,Origen_Racial,418
26,Blanca,3,8,33492.0,Origen_Racial,419
27,Blanca,3,9,14384.0,Origen_Racial,420
28,Blanca,3,10,1668.0,Origen_Racial,421
29,Blanca,4,1,13993.0,Origen_Racial,422
30,Blanca,4,2,11361.0,Origen_Racial,423
31,Blanca,4,3,25696.0,Origen_Racial,424
32,Blanca,4,4,94826.0,Origen_Racial,425
33,Blanca,4,5,236661.0,Origen_Racial,426
34,Blanca,4,6,156394.0,Origen_Racial,427
35,Blanca,4,7,138248.0,Origen_Racial,428
36,Blanca,4,8,49176.0,Origen_Racial,429
37,Blanca,4,9,7915.0,Origen_Racial,430
38,Blanca,4,10,9640.0,Origen_Racial,431
39,Blanca,5,1,56217.0,Origen_Racial,432
40,Blanca,5,2,29754.0,Origen_Racial,433
41,Blanca,5,3,34007.0,Origen_Racial,434
42,Blanca,5,4,57877.0,Origen_Racial,435
43,Blanca,5,5,402814.0,Origen_Racial,436
44,Blanca,5,6,106259.0,Origen_Racial,437
45,Blanca,5,7,251520.0,Origen_Racial,438
46,Blanca,5,8,94566.0,Origen_Racial,439
47,Blanca,5,9,5778.0,Origen_Racial,440
48,Blanca,5,10,15033.0,Origen_Racial,441
49,Blanca,6,1,21651.0,Origen_Racial,442
50,Blanca,6,2,653.0,Origen_Racial,443
51,Blanca,6,3,32953.0,Origen_Racial,444
52,Blanca,6,4,82630.0,Origen_Racial,445
53,Blanca,6,5,59939.0,Origen_Racial,446
54,Blanca,6,6,198491.0,Origen_Racial,447
55,Blanca,6,7,163414.0,Origen_Racial,448
56,Blanca,6,8,163179.0,Origen_Racial,449
57,Blanca,6,9,8147.0,Origen_Racial,450
58,Blanca,6,10,14306.0,Origen_Racial,451
59,Blanca,7,1,3373.0,Origen_Racial,452
60,Blanca,7,2,4237.0,Origen_Racial,453
61,Blanca,7,3,10386.0,Origen_Racial,454
62,Blanca,7,4,43737.0,Origen_Racial,455
63,Blanca,7,5,145454.0,Origen_Racial,456
64,Blanca,7,6,68328.0,Origen_Racial,457
65,Blanca,7,7,226987.0,Origen_Racial,458
66,Blanca,7,8,126390.0,Origen_Racial,459
67,Blanca,7,9,21854.0,Origen_Racial,460
68,Blanca,7,10,3861.0,Origen_Racial,461
69,Blanca,8,1,8287.0,Origen_Racial,462
70,Blanca,8,2,11147.0,Origen_Racial,463
71,Blanca,8,3,25078.0,Origen_Racial,464
72,Blanca,8,4,46691.0,Origen_Racial,465
73,Blanca,8,5,115049.0,Origen_Racial,466
74,Blanca,8,6,90500.0,Origen_Racial,467
75,Blanca,8,7,121416.0,Origen_Racial,468
76,Blanca,8,8,212564.0,Origen_Racial,469
77,Blanca,8,9,12622.0,Origen_Racial,470
78,Blanca,8,10,17028.0,Origen_Racial,471
79,Blanca,9,1,2851.0,Origen_Racial,472
80,Blanca,9,2,8817.0,Origen_Racial,473
81,Blanca,9,3,7320.0,Origen_Racial,474
82,Blanca,9,4,16180.0,Origen_Racial,475
83,Blanca,9,5,49057.0,Origen_Racial,476
84,Blanca,9,6,41998.0,Origen_Racial,477
85,Blanca,9,7,104252.0,Origen_Racial,478
86,Blanca,9,8,114093.0,Origen_Racial,479
87,Blanca,9,9,26477.0,Origen_Racial,480
88,Blanca,10,1,12259.0,Origen_Racial,481
89,Blanca,10,2,4227.0,Origen_Racial,482
90,Blanca,10,3,19370.0,Origen_Racial,483
91,Blanca,10,4,29555.0,Origen_Racial,484
92,Blanca,10,5,45592.0,Origen_Racial,485
93,Blanca,10,6,30039.0,Origen_Racial,486
94,Blanca,10,7,43383.0,Origen_Racial,487
95,Blanca,10,8,41613.0,Origen_Racial,488
96,Blanca,10,9,23688.0,Origen_Racial,489
97,Blanca,10,10,35303.0,Origen_Racial,490
98,Indígena,1,1,942353.0,Origen_Racial,491
99,Indígena,1,2,683510.0,Origen_Racial,492
100,Indígena,1,3,529634.0,Origen_Racial,493
101,Indígena,1,4,311098.0,Origen_Racial,494
102,Indígena,1,5,351857.0,Origen_Racial,495
103,Indígena,1,6,70829.0,Origen_Racial,496
104,Indígena,1,7,44791.0,Origen_Racial,497
105,Indígena,1,8,30608.0,Origen_Racial,498
106,Indígena,1,9,1043.0,Origen_Racial,499
107,Indígena,1,10,29934.0,Origen_Racial,500
108,Indígena,2,1,102011.0,Origen_Racial,501
109,Indígena,2,2,146638.0,Origen_Racial,502
110,Indígena,2,3,234270.0,Origen_Racial,503
111,Indígena,2,4,361943.0,Origen_Racial,504
112,Indígena,2,5,395697.0,Origen_Racial,505
113,Indígena,2,6,112889.0,Origen_Racial,506
114,Indígena,2,7,54540.0,Origen_Racial,507
115,Indígena,2,8,9018.0,Origen_Racial,508
116,Indígena,2,9,7522.0,Origen_Racial,509
117,Indígena,2,10,2540.0,Origen_Racial,510
118,Indígena,3,1,50725.0,Origen_Racial,511
119,Indígena,3,2,71687.0,Origen_Racial,512
120,Indígena,3,3,178694.0,Origen_Racial,513
121,Indígena,3,4,154080.0,Origen_Racial,514
122,Indígena,3,5,526867.0,Origen_Racial,515
123,Indígena,3,6,173664.0,Origen_Racial,516
124,Indígena,3,7,44265.0,Origen_Racial,517
125,Indígena,3,8,46810.0,Origen_Racial,518
126,Indígena,3,9,3207.0,Origen_Racial,519
127,Indígena,3,10,6207.0,Origen_Racial,520
128,Indígena,4,1,19275.0,Origen_Racial,521
129,Indígena,4,2,20146.0,Origen_Racial,522
130,Indígena,4,3,51359.0,Origen_Racial,523
131,Indígena,4,4,141687.0,Origen_Racial,524
132,Indígena,4,5,190115.0,Origen_Racial,525
133,Indígena,4,6,172556.0,Origen_Racial,526
134,Indígena,4,7,79705.0,Origen_Racial,527
135,Indígena,4,8,35372.0,Origen_Racial,528
136,Indígena,4,9,1779.0,Origen_Racial,529
137,Indígena,4,10,2510.0,Origen_Racial,530
138,Indígena,5,1,60310.0,Origen_Racial,531
139,Indígena,5,2,33461.0,Origen_Racial,532
140,Indígena,5,3,88605.0,Origen_Racial,533
141,Indígena,5,4,50211.0,Origen_Racial,534
142,Indígena,5,5,221292.0,Origen_Racial,535
143,Indígena,5,6,122669.0,Origen_Racial,536
144,Indígena,5,7,106777.0,Origen_Racial,537
145,Indígena,5,8,70857.0,Origen_Racial,538
146,Indígena,5,9,2866.0,Origen_Racial,539
147,Indígena,5,10,8383.0,Origen_Racial,540
148,Indígena,6,1,15764.0,Origen_Racial,541
149,Indígena,6,2,23899.0,Origen_Racial,542
150,Indígena,6,3,39366.0,Origen_Racial,543
151,Indígena,6,4,47444.0,Origen_Racial,544
152,Indígena,6,5,89947.0,Origen_Racial,545
153,Indígena,6,6,109981.0,Origen_Racial,546
154,Indígena,6,7,65386.0,Origen_Racial,547
155,Indígena,6,8,89778.0,Origen_Racial,548
156,Indígena,6,9,8125.0,Origen_Racial,549
157,Indígena,6,10,1996.0,Origen_Racial,550
158,Indígena,7,1,13167.0,Origen_Racial,551
159,Indígena,7,2,8129.0,Origen_Racial,552
160,Indígena,7,3,25872.0,Origen_Racial,553
161,Indígena,7,4,54244.0,Origen_Racial,554
162,Indígena,7,5,73675.0,Origen_Racial,555
163,Indígena,7,6,38417.0,Origen_Racial,556
164,Indígena,7,7,51943.0,Origen_Racial,557
165,Indígena,7,8,47194.0,Origen_Racial,558
166,Indígena,7,9,2965.0,Origen_Racial,559
167,Indígena,7,10,7928.0,Origen_Racial,560
168,Indígena,8,1,22598.0,Origen_Racial,561
169,Indígena,8,2,37568.0,Origen_Racial,562
170,Indígena,8,3,18195.0,Origen_Racial,563
171,Indígena,8,4,35683.0,Origen_Racial,564
172,Indígena,8,5,94866.0,Origen_Racial,565
173,Indígena,8,6,57604.0,Origen_Racial,566
174,Indígena,8,7,50648.0,Origen_Racial,567
175,Indígena,8,8,56071.0,Origen_Racial,568
176,Indígena,8,9,3898.0,Origen_Racial,569
177,Indígena,8,10,10451.0,Origen_Racial,570
178,Indígena,9,1,1345.0,Origen_Racial,571
179,Indígena,9,2,7234.0,Origen_Racial,572
180,Indígena,9,3,6129.0,Origen_Racial,573
181,Indígena,9,4,8402.0,Origen_Racial,574
182,Indígena,9,5,13145.0,Origen_Racial,575
183,Indígena,9,6,39115.0,Origen_Racial,576
184,Indígena,9,7,27098.0,Origen_Racial,577
185,Indígena,9,8,19033.0,Origen_Racial,578
186,Indígena,9,10,3703.0,Origen_Racial,579
187,Indígena,10,1,22887.0,Origen_Racial,580
188,Indígena,10,2,4904.0,Origen_Racial,581
189,Indígena,10,3,1893.0,Origen_Racial,582
190,Indígena,10,4,5802.0,Origen_Racial,583
191,Indígena,10,5,25911.0,Origen_Racial,584
192,Indígena,10,6,16112.0,Origen_Racial,585
193,Indígena,10,7,23576.0,Origen_Racial,586
194,Indígena,10,8,10405.0,Origen_Racial,587
195,Indígena,10,9,665.0,Origen_Racial,588
196,Indígena,10,10,19866.0,Origen_Racial,589
197,Mestiza,1,1,965216.0,Origen_Racial,590
198,Mestiza,1,2,854298.0,Origen_Racial,591
199,Mestiza,1,3,1190042.0,Origen_Racial,592
200,Mestiza,1,4,745910.0,Origen_Racial,593
201,Mestiza,1,5,987468.0,Origen_Racial,594
202,Mestiza,1,6,264447.0,Origen_Racial,595
203,Mestiza,1,7,121295.0,Origen_Racial,596
204,Mestiza,1,8,60118.0,Origen_Racial,597
205,Mestiza,1,9,19627.0,Origen_Racial,598
206,Mestiza,1,10,19041.0,Origen_Racial,599
207,Mestiza,2,1,201881.0,Origen_Racial,600
208,Mestiza,2,2,407097.0,Origen_Racial,601
209,Mestiza,2,3,637757.0,Origen_Racial,602
210,Mestiza,2,4,1131764.0,Origen_Racial,603
211,Mestiza,2,5,1403223.0,Origen_Racial,604
212,Mestiza,2,6,485648.0,Origen_Racial,605
213,Mestiza,2,7,225845.0,Origen_Racial,606
214,Mestiza,2,8,64462.0,Origen_Racial,607
215,Mestiza,2,9,18481.0,Origen_Racial,608
216,Mestiza,2,10,8733.0,Origen_Racial,609
217,Mestiza,3,1,126578.0,Origen_Racial,610
218,Mestiza,3,2,157842.0,Origen_Racial,611
219,Mestiza,3,3,480682.0,Origen_Racial,612
220,Mestiza,3,4,837568.0,Origen_Racial,613
221,Mestiza,3,5,2483280.0,Origen_Racial,614
222,Mestiza,3,6,772923.0,Origen_Racial,615
223,Mestiza,3,7,473844.0,Origen_Racial,616
224,Mestiza,3,8,135292.0,Origen_Racial,617
225,Mestiza,3,9,11039.0,Origen_Racial,618
226,Mestiza,3,10,8813.0,Origen_Racial,619
227,Mestiza,4,1,129626.0,Origen_Racial,620
228,Mestiza,4,2,112319.0,Origen_Racial,621
229,Mestiza,4,3,127925.0,Origen_Racial,622
230,Mestiza,4,4,579280.0,Origen_Racial,623
231,Mestiza,4,5,1349960.0,Origen_Racial,624
232,Mestiza,4,6,1277458.0,Origen_Racial,625
233,Mestiza,4,7,791061.0,Origen_Racial,626
234,Mestiza,4,8,305291.0,Origen_Racial,627
235,Mestiza,4,9,7747.0,Origen_Racial,628
236,Mestiza,4,10,3146.0,Origen_Racial,629
237,Mestiza,5,1,146036.0,Origen_Racial,630
238,Mestiza,5,2,103891.0,Origen_Racial,631
239,Mestiza,5,3,283181.0,Origen_Racial,632
240,Mestiza,5,4,393193.0,Origen_Racial,633
241,Mestiza,5,5,1886994.0,Origen_Racial,634
242,Mestiza,5,6,886934.0,Origen_Racial,635
243,Mestiza,5,7,1415921.0,Origen_Racial,636
244,Mestiza,5,8,535114.0,Origen_Racial,637
245,Mestiza,5,9,46184.0,Origen_Racial,638
246,Mestiza,5,10,9757.0,Origen_Racial,639
247,Mestiza,6,1,48975.0,Origen_Racial,640
248,Mestiza,6,2,61802.0,Origen_Racial,641
249,Mestiza,6,3,168166.0,Origen_Racial,642
250,Mestiza,6,4,410585.0,Origen_Racial,643
251,Mestiza,6,5,505507.0,Origen_Racial,644
252,Mestiza,6,6,842211.0,Origen_Racial,645
253,Mestiza,6,7,724741.0,Origen_Racial,646
254,Mestiza,6,8,632368.0,Origen_Racial,647
255,Mestiza,6,9,29844.0,Origen_Racial,648
256,Mestiza,6,10,22054.0,Origen_Racial,649
257,Mestiza,7,1,31405.0,Origen_Racial,650
258,Mestiza,7,2,47953.0,Origen_Racial,651
259,Mestiza,7,3,91623.0,Origen_Racial,652
260,Mestiza,7,4,239894.0,Origen_Racial,653
261,Mestiza,7,5,753741.0,Origen_Racial,654
262,Mestiza,7,6,509153.0,Origen_Racial,655
263,Mestiza,7,7,911965.0,Origen_Racial,656
264,Mestiza,7,8,487415.0,Origen_Racial,657
265,Mestiza,7,9,51500.0,Origen_Racial,658
266,Mestiza,7,10,19359.0,Origen_Racial,659
267,Mestiza,8,1,65952.0,Origen_Racial,660
268,Mestiza,8,2,47031.0,Origen_Racial,661
269,Mestiza,8,3,95660.0,Origen_Racial,662
270,Mestiza,8,4,204337.0,Origen_Racial,663
271,Mestiza,8,5,816215.0,Origen_Racial,664
272,Mestiza,8,6,685931.0,Origen_Racial,665
273,Mestiza,8,7,727731.0,Origen_Racial,666
274,Mestiza,8,8,673403.0,Origen_Racial,667
275,Mestiza,8,9,59455.0,Origen_Racial,668
276,Mestiza,8,10,39858.0,Origen_Racial,669
277,Mestiza,9,1,24601.0,Origen_Racial,670
278,Mestiza,9,2,33602.0,Origen_Racial,671
279,Mestiza,9,3,20815.0,Origen_Racial,672
280,Mestiza,9,4,81509.0,Origen_Racial,673
281,Mestiza,9,5,187947.0,Origen_Racial,674
282,Mestiza,9,6,180260.0,Origen_Racial,675
283,Mestiza,9,7,450209.0,Origen_Racial,676
284,Mestiza,9,8,251004.0,Origen_Racial,677
285,Mestiza,9,9,66696.0,Origen_Racial,678
286,Mestiza,9,10,7169.0,Origen_Racial,679
287,Mestiza,10,1,39725.0,Origen_Racial,680
288,Mestiza,10,2,14742.0,Origen_Racial,681
289,Mestiza,10,3,38418.0,Origen_Racial,682
290,Mestiza,10,4,48191.0,Origen_Racial,683
291,Mestiza,10,5,174022.0,Origen_Racial,684
292,Mestiza,10,6,119253.0,Origen_Racial,685
293,Mestiza,10,7,123206.0,Origen_Racial,686
294,Mestiza,10,8,166465.0,Origen_Racial,687
295,Mestiza,10,9,50182.0,Origen_Racial,688
296,Mestiza,10,10,60686.0,Origen_Racial,689
297,Negra o Mulata,1,1,151131.0,Origen_Racial,690
298,Negra o Mulata,1,2,76311.0,Origen_Racial,691
299,Negra o Mulata,1,3,79918.0,Origen_Racial,692
300,Negra o Mulata,1,4,52424.0,Origen_Racial,693
301,Negra o Mulata,1,5,23146.0,Origen_Racial,694
302,Negra o Mulata,1,6,14401.0,Origen_Racial,695
303,Negra o Mulata,1,7,3677.0,Origen_Racial,696
304,Negra o Mulata,1,10,1836.0,Origen_Racial,697
305,Negra o Mulata,2,1,6881.0,Origen_Racial,698
306,Negra o Mulata,2,2,28666.0,Origen_Racial,699
307,Negra o Mulata,2,3,28106.0,Origen_Racial,700
308,Negra o Mulata,2,4,47803.0,Origen_Racial,701
309,Negra o Mulata,2,5,72799.0,Origen_Racial,702
310,Negra o Mulata,2,6,10332.0,Origen_Racial,703
311,Negra o Mulata,2,7,10013.0,Origen_Racial,704
312,Negra o Mulata,2,8,2470.0,Origen_Racial,705
313,Negra o Mulata,3,1,9568.0,Origen_Racial,706
314,Negra o Mulata,3,2,7993.0,Origen_Racial,707
315,Negra o Mulata,3,3,25851.0,Origen_Racial,708
316,Negra o Mulata,3,4,11580.0,Origen_Racial,709
317,Negra o Mulata,3,5,68765.0,Origen_Racial,710
318,Negra o Mulata,3,6,12337.0,Origen_Racial,711
319,Negra o Mulata,3,7,13340.0,Origen_Racial,712
320,Negra o Mulata,3,8,2544.0,Origen_Racial,713
321,Negra o Mulata,3,10,1047.0,Origen_Racial,714
322,Negra o Mulata,4,1,1986.0,Origen_Racial,715
323,Negra o Mulata,4,2,2082.0,Origen_Racial,716
324,Negra o Mulata,4,3,14392.0,Origen_Racial,717
325,Negra o Mulata,4,4,14226.0,Origen_Racial,718
326,Negra o Mulata,4,5,44945.0,Origen_Racial,719
327,Negra o Mulata,4,6,31186.0,Origen_Racial,720
328,Negra o Mulata,4,7,60928.0,Origen_Racial,721
329,Negra o Mulata,4,8,25664.0,Origen_Racial,722
330,Negra o Mulata,5,1,13479.0,Origen_Racial,723
331,Negra o Mulata,5,2,1563.0,Origen_Racial,724
332,Negra o Mulata,5,3,616.0,Origen_Racial,725
333,Negra o Mulata,5,4,11103.0,Origen_Racial,726
334,Negra o Mulata,5,5,49947.0,Origen_Racial,727
335,Negra o Mulata,5,6,51011.0,Origen_Racial,728
336,Negra o Mulata,5,7,49113.0,Origen_Racial,729
337,Negra o Mulata,5,8,15076.0,Origen_Racial,730
338,Negra o Mulata,5,9,1094.0,Origen_Racial,731
339,Negra o Mulata,5,10,9459.0,Origen_Racial,732
340,Negra o Mulata,6,1,639.0,Origen_Racial,733
341,Negra o Mulata,6,2,5118.0,Origen_Racial,734
342,Negra o Mulata,6,3,9657.0,Origen_Racial,735
343,Negra o Mulata,6,4,6355.0,Origen_Racial,736
344,Negra o Mulata,6,5,23322.0,Origen_Racial,737
345,Negra o Mulata,6,6,47026.0,Origen_Racial,738
346,Negra o Mulata,6,7,25594.0,Origen_Racial,739
347,Negra o Mulata,6,8,19823.0,Origen_Racial,740
348,Negra o Mulata,6,9,3644.0,Origen_Racial,741
349,Negra o Mulata,6,10,2065.0,Origen_Racial,742
350,Negra o Mulata,7,2,1670.0,Origen_Racial,743
351,Negra o Mulata,7,3,643.0,Origen_Racial,744
352,Negra o Mulata,7,4,40864.0,Origen_Racial,745
353,Negra o Mulata,7,5,10223.0,Origen_Racial,746
354,Negra o Mulata,7,6,12803.0,Origen_Racial,747
355,Negra o Mulata,7,7,25992.0,Origen_Racial,748
356,Negra o Mulata,7,8,8961.0,Origen_Racial,749
357,Negra o Mulata,7,9,3042.0,Origen_Racial,750
358,Negra o Mulata,7,10,1858.0,Origen_Racial,751
359,Negra o Mulata,8,1,3194.0,Origen_Racial,752
360,Negra o Mulata,8,3,2706.0,Origen_Racial,753
361,Negra o Mulata,8,4,2492.0,Origen_Racial,754
362,Negra o Mulata,8,5,33665.0,Origen_Racial,755
363,Negra o Mulata,8,6,24324.0,Origen_Racial,756
364,Negra o Mulata,8,7,17443.0,Origen_Racial,757
365,Negra o Mulata,8,8,12736.0,Origen_Racial,758
366,Negra o Mulata,8,9,9201.0,Origen_Racial,759
367,Negra o Mulata,8,10,4207.0,Origen_Racial,760
368,Negra o Mulata,9,5,5662.0,Origen_Racial,761
369,Negra o Mulata,9,6,4954.0,Origen_Racial,762
370,Negra o Mulata,9,7,14656.0,Origen_Racial,763
371,Negra o Mulata,9,8,23326.0,Origen_Racial,764
372,Negra o Mulata,10,2,2764.0,Origen_Racial,765
373,Negra o Mulata,10,3,878.0,Origen_Racial,766
374,Negra o Mulata,10,4,1748.0,Origen_Racial,767
375,Negra o Mulata,10,5,12430.0,Origen_Racial,768
376,Negra o Mulata,10,6,3570.0,Origen_Racial,769
377,Negra o Mulata,10,7,5241.0,Origen_Racial,770
378,Negra o Mulata,10,8,6832.0,Origen_Racial,771
379,Negra o Mulata,10,10,1094.0,Origen_Racial,772
380,No sabe,1,1,514022.0,Origen_Racial,773
381,No sabe,1,2,239019.0,Origen_Racial,774
382,No sabe,1,3,291256.0,Origen_Racial,775
383,No sabe,1,4,104527.0,Origen_Racial,776
384,No sabe,1,5,217719.0,Origen_Racial,777
385,No sabe,1,6,33234.0,Origen_Racial,778
386,No sabe,1,7,12860.0,Origen_Racial,779
387,No sabe,1,8,24840.0,Origen_Racial,780
388,No sabe,1,9,4767.0,Origen_Racial,781
389,No sabe,1,10,2799.0,Origen_Racial,782
390,No sabe,2,1,26997.0,Origen_Racial,783
391,No sabe,2,2,100882.0,Origen_Racial,784
392,No sabe,2,3,165365.0,Origen_Racial,785
393,No sabe,2,4,221269.0,Origen_Racial,786
394,No sabe,2,5,205852.0,Origen_Racial,787
395,No sabe,2,6,55244.0,Origen_Racial,788
396,No sabe,2,7,12397.0,Origen_Racial,789
397,No sabe,2,8,14800.0,Origen_Racial,790
398,No sabe,2,9,6975.0,Origen_Racial,791
399,No sabe,3,1,18177.0,Origen_Racial,792
400,No sabe,3,2,52785.0,Origen_Racial,793
401,No sabe,3,3,81469.0,Origen_Racial,794
402,No sabe,3,4,130415.0,Origen_Racial,795
403,No sabe,3,5,385666.0,Origen_Racial,796
404,No sabe,3,6,95002.0,Origen_Racial,797
405,No sabe,3,7,69812.0,Origen_Racial,798
406,No sabe,3,8,11187.0,Origen_Racial,799
407,No sabe,3,9,1867.0,Origen_Racial,800
408,No sabe,3,10,912.0,Origen_Racial,801
409,No sabe,4,1,17784.0,Origen_Racial,802
410,No sabe,4,2,32505.0,Origen_Racial,803
411,No sabe,4,3,33528.0,Origen_Racial,804
412,No sabe,4,4,133533.0,Origen_Racial,805
413,No sabe,4,5,198712.0,Origen_Racial,806
414,No sabe,4,6,142254.0,Origen_Racial,807
415,No sabe,4,7,97060.0,Origen_Racial,808
416,No sabe,4,8,29776.0,Origen_Racial,809
417,No sabe,4,9,1181.0,Origen_Racial,810
418,No sabe,4,10,3488.0,Origen_Racial,811
419,No sabe,5,1,38515.0,Origen_Racial,812
420,No sabe,5,2,25356.0,Origen_Racial,813
421,No sabe,5,3,68006.0,Origen_Racial,814
422,No sabe,5,4,60323.0,Origen_Racial,815
423,No sabe,5,5,311093.0,Origen_Racial,816
424,No sabe,5,6,75659.0,Origen_Racial,817
425,No sabe,5,7,178278.0,Origen_Racial,818
426,No sabe,5,8,87466.0,Origen_Racial,819
427,No sabe,5,9,3509.0,Origen_Racial,820
428,No sabe,5,10,7285.0,Origen_Racial,821
429,No sabe,6,1,20059.0,Origen_Racial,822
430,No sabe,6,2,10115.0,Origen_Racial,823
431,No sabe,6,3,36299.0,Origen_Racial,824
432,No sabe,6,4,56592.0,Origen_Racial,825
433,No sabe,6,5,44243.0,Origen_Racial,826
434,No sabe,6,6,88559.0,Origen_Racial,827
435,No sabe,6,7,59332.0,Origen_Racial,828
436,No sabe,6,8,59791.0,Origen_Racial,829
437,No sabe,6,10,8397.0,Origen_Racial,830
438,No sabe,7,1,15084.0,Origen_Racial,831
439,No sabe,7,2,17026.0,Origen_Racial,832
440,No sabe,7,3,6419.0,Origen_Racial,833
441,No sabe,7,4,43817.0,Origen_Racial,834
442,No sabe,7,5,134167.0,Origen_Racial,835
443,No sabe,7,6,51377.0,Origen_Racial,836
444,No sabe,7,7,84207.0,Origen_Racial,837
445,No sabe,7,8,57147.0,Origen_Racial,838
446,No sabe,7,9,16589.0,Origen_Racial,839
447,No sabe,7,10,3860.0,Origen_Racial,840
448,No sabe,8,1,25278.0,Origen_Racial,841
449,No sabe,8,2,16865.0,Origen_Racial,842
450,No sabe,8,3,28242.0,Origen_Racial,843
451,No sabe,8,4,29082.0,Origen_Racial,844
452,No sabe,8,5,108600.0,Origen_Racial,845
453,No sabe,8,6,52580.0,Origen_Racial,846
454,No sabe,8,7,66505.0,Origen_Racial,847
455,No sabe,8,8,85661.0,Origen_Racial,848
456,No sabe,8,9,18610.0,Origen_Racial,849
457,No sabe,8,10,2750.0,Origen_Racial,850
458,No sabe,9,1,7027.0,Origen_Racial,851
459,No sabe,9,2,4969.0,Origen_Racial,852
460,No sabe,9,3,5526.0,Origen_Racial,853
461,No sabe,9,4,10267.0,Origen_Racial,854
462,No sabe,9,5,39324.0,Origen_Racial,855
463,No sabe,9,6,18100.0,Origen_Racial,856
464,No sabe,9,7,49503.0,Origen_Racial,857
465,No sabe,9,8,45244.0,Origen_Racial,858
466,No sabe,9,9,1514.0,Origen_Racial,859
467,No sabe,10,1,18482.0,Origen_Racial,860
468,No sabe,10,2,8574.0,Origen_Racial,861
469,No sabe,10,3,2823.0,Origen_Racial,862
470,No sabe,10,4,8327.0,Origen_Racial,863
471,No sabe,10,5,47946.0,Origen_Racial,864
472,No sabe,10,6,8929.0,Origen_Racial,865
473,No sabe,10,7,14233.0,Origen_Racial,866
474,No sabe,10,8,49108.0,Origen_Racial,867
475,No sabe,10,9,21670.0,Origen_Racial,868
476,No sabe,10,10,28533.0,Origen_Racial,869
477,Otra Raza,1,1,9408.0,Origen_Racial,870
478,Otra Raza,1,2,6277.0,Origen_Racial,871
479,Otra Raza,1,3,3036.0,Origen_Racial,872
480,Otra Raza,1,4,1901.0,Origen_Racial,873
481,Otra Raza,1,5,6761.0,Origen_Racial,874
482,Otra Raza,1,8,2322.0,Origen_Racial,875
483,Otra Raza,1,10,2278.0,Origen_Racial,876
484,Otra Raza,2,2,4153.0,Origen_Racial,877
485,Otra Raza,2,3,20731.0,Origen_Racial,878
486,Otra Raza,2,5,818.0,Origen_Racial,879
487,Otra Raza,2,6,10780.0,Origen_Racial,880
488,Otra Raza,3,3,701.0,Origen_Racial,881
489,Otra Raza,3,4,1137.0,Origen_Racial,882
490,Otra Raza,3,5,17430.0,Origen_Racial,883
491,Otra Raza,3,6,4831.0,Origen_Racial,884
492,Otra Raza,3,8,6079.0,Origen_Racial,885
493,Otra Raza,3,9,356.0,Origen_Racial,886
494,Otra Raza,4,1,2190.0,Origen_Racial,887
495,Otra Raza,4,3,3087.0,Origen_Racial,888
496,Otra Raza,4,4,5480.0,Origen_Racial,889
497,Otra Raza,4,5,15285.0,Origen_Racial,890
498,Otra Raza,4,6,14815.0,Origen_Racial,891
499,Otra Raza,4,8,1170.0,Origen_Racial,892
500,Otra Raza,5,5,6241.0,Origen_Racial,893
501,Otra Raza,5,6,3806.0,Origen_Racial,894
502,Otra Raza,5,7,5668.0,Origen_Racial,895
503,Otra Raza,5,8,11637.0,Origen_Racial,896
504,Otra Raza,6,1,1832.0,Origen_Racial,897
505,Otra Raza,6,2,1195.0,Origen_Racial,898
506,Otra Raza,6,3,846.0,Origen_Racial,899
507,Otra Raza,6,4,1147.0,Origen_Racial,900
508,Otra Raza,6,6,6034.0,Origen_Racial,901
509,Otra Raza,6,7,1559.0,Origen_Racial,902
510,Otra Raza,6,8,4813.0,Origen_Racial,903
511,Otra Raza,6,9,3129.0,Origen_Racial,904
512,Otra Raza,7,4,3154.0,Origen_Racial,905
513,Otra Raza,7,5,5287.0,Origen_Racial,906
514,Otra Raza,7,7,2426.0,Origen_Racial,907
515,Otra Raza,7,8,5238.0,Origen_Racial,908
516,Otra Raza,8,2,1806.0,Origen_Racial,909
517,Otra Raza,8,3,1316.0,Origen_Racial,910
518,Otra Raza,8,4,18988.0,Origen_Racial,911
519,Otra Raza,8,5,34997.0,Origen_Racial,912
520,Otra Raza,8,6,2813.0,Origen_Racial,913
521,Otra Raza,8,7,1244.0,Origen_Racial,914
522,Otra Raza,8,8,10095.0,Origen_Racial,915
523,Otra Raza,9,6,8834.0,Origen_Racial,916
524,Otra Raza,9,7,1178.0,Origen_Racial,917
525,Otra Raza,9,8,435.0,Origen_Racial,918
526,Otra Raza,9,9,2904.0,Origen_Racial,919
527,Otra Raza,10,5,2640.0,Origen_Racial,920
528,Otra Raza,10,7,406.0,Origen_Racial,921
529,Otra Raza,10,8,1412.0,Origen_Racial,922
530,Otra Raza,10,10,7665.0,Origen_Racial,923
0,Millenials,1,1,665142.0,Generación,924
1,Millenials,1,2,372210.0,Generación,925
2,Millenials,1,3,543262.0,Generación,926
3,Millenials,1,4,252100.0,Generación,927
4,Millenials,1,5,256865.0,Generación,928
5,Millenials,1,6,52483.0,Generación,929
6,Millenials,1,7,33672.0,Generación,930
7,Millenials,1,8,19258.0,Generación,931
8,Millenials,1,9,9586.0,Generación,932
9,Millenials,1,10,15540.0,Generación,933
10,Millenials,2,1,86494.0,Generación,934
11,Millenials,2,2,249133.0,Generación,935
12,Millenials,2,3,320688.0,Generación,936
13,Millenials,2,4,544361.0,Generación,937
14,Millenials,2,5,500131.0,Generación,938
15,Millenials,2,6,148064.0,Generación,939
16,Millenials,2,7,53067.0,Generación,940
17,Millenials,2,8,23765.0,Generación,941
18,Millenials,2,9,11763.0,Generación,942
19,Millenials,2,10,,Generación,943
20,Millenials,3,1,80841.0,Generación,944
21,Millenials,3,2,87454.0,Generación,945
22,Millenials,3,3,274588.0,Generación,946
23,Millenials,3,4,415584.0,Generación,947
24,Millenials,3,5,1214884.0,Generación,948
25,Millenials,3,6,336086.0,Generación,949
26,Millenials,3,7,143563.0,Generación,950
27,Millenials,3,8,35441.0,Generación,951
28,Millenials,3,9,8769.0,Generación,952
29,Millenials,3,10,5008.0,Generación,953
30,Millenials,4,1,101142.0,Generación,954
31,Millenials,4,2,49180.0,Generación,955
32,Millenials,4,3,80655.0,Generación,956
33,Millenials,4,4,307238.0,Generación,957
34,Millenials,4,5,810451.0,Generación,958
35,Millenials,4,6,680285.0,Generación,959
36,Millenials,4,7,394458.0,Generación,960
37,Millenials,4,8,200274.0,Generación,961
38,Millenials,4,9,,Generación,962
39,Millenials,4,10,5516.0,Generación,963
40,Millenials,5,1,110931.0,Generación,964
41,Millenials,5,2,57238.0,Generación,965
42,Millenials,5,3,176829.0,Generación,966
43,Millenials,5,4,211830.0,Generación,967
44,Millenials,5,5,1212742.0,Generación,968
45,Millenials,5,6,600362.0,Generación,969
46,Millenials,5,7,790549.0,Generación,970
47,Millenials,5,8,315033.0,Generación,971
48,Millenials,5,9,23214.0,Generación,972
49,Millenials,5,10,13164.0,Generación,973
50,Millenials,6,1,29685.0,Generación,974
51,Millenials,6,2,50833.0,Generación,975
52,Millenials,6,3,121758.0,Generación,976
53,Millenials,6,4,248810.0,Generación,977
54,Millenials,6,5,263279.0,Generación,978
55,Millenials,6,6,517497.0,Generación,979
56,Millenials,6,7,446574.0,Generación,980
57,Millenials,6,8,455652.0,Generación,981
58,Millenials,6,9,10641.0,Generación,982
59,Millenials,6,10,10960.0,Generación,983
60,Millenials,7,1,30985.0,Generación,984
61,Millenials,7,2,16869.0,Generación,985
62,Millenials,7,3,68304.0,Generación,986
63,Millenials,7,4,149777.0,Generación,987
64,Millenials,7,5,496869.0,Generación,988
65,Millenials,7,6,320208.0,Generación,989
66,Millenials,7,7,585467.0,Generación,990
67,Millenials,7,8,356664.0,Generación,991
68,Millenials,7,9,26500.0,Generación,992
69,Millenials,7,10,10875.0,Generación,993
70,Millenials,8,1,28702.0,Generación,994
71,Millenials,8,2,25690.0,Generación,995
72,Millenials,8,3,61739.0,Generación,996
73,Millenials,8,4,96171.0,Generación,997
74,Millenials,8,5,466391.0,Generación,998
75,Millenials,8,6,387771.0,Generación,999
76,Millenials,8,7,497914.0,Generación,1000
77,Millenials,8,8,507263.0,Generación,1001
78,Millenials,8,9,52193.0,Generación,1002
79,Millenials,8,10,26373.0,Generación,1003
80,Millenials,9,1,15992.0,Generación,1004
81,Millenials,9,2,6473.0,Generación,1005
82,Millenials,9,3,16891.0,Generación,1006
83,Millenials,9,4,25853.0,Generación,1007
84,Millenials,9,5,89917.0,Generación,1008
85,Millenials,9,6,92339.0,Generación,1009
86,Millenials,9,7,293187.0,Generación,1010
87,Millenials,9,8,168632.0,Generación,1011
88,Millenials,9,9,46551.0,Generación,1012
89,Millenials,9,10,1213.0,Generación,1013
90,Millenials,10,1,29592.0,Generación,1014
91,Millenials,10,2,9198.0,Generación,1015
92,Millenials,10,3,14157.0,Generación,1016
93,Millenials,10,4,35275.0,Generación,1017
94,Millenials,10,5,114850.0,Generación,1018
95,Millenials,10,6,72193.0,Generación,1019
96,Millenials,10,7,86013.0,Generación,1020
97,Millenials,10,8,129364.0,Generación,1021
98,Millenials,10,9,47326.0,Generación,1022
99,Millenials,10,10,31021.0,Generación,1023
100,X,1,1,843656.0,Generación,1024
101,X,1,2,796599.0,Generación,1025
102,X,1,3,726954.0,Generación,1026
103,X,1,4,476479.0,Generación,1027
104,X,1,5,547661.0,Generación,1028
105,X,1,6,147644.0,Generación,1029
106,X,1,7,62903.0,Generación,1030
107,X,1,8,30645.0,Generación,1031
108,X,1,9,12495.0,Generación,1032
109,X,1,10,16996.0,Generación,1033
110,X,2,1,123538.0,Generación,1034
111,X,2,2,283986.0,Generación,1035
112,X,2,3,403235.0,Generación,1036
113,X,2,4,720063.0,Generación,1037
114,X,2,5,809099.0,Generación,1038
115,X,2,6,308187.0,Generación,1039
116,X,2,7,91529.0,Generación,1040
117,X,2,8,30992.0,Generación,1041
118,X,2,9,6664.0,Generación,1042
119,X,2,10,3999.0,Generación,1043
120,X,3,1,65125.0,Generación,1044
121,X,3,2,106665.0,Generación,1045
122,X,3,3,240301.0,Generación,1046
123,X,3,4,455043.0,Generación,1047
124,X,3,5,1405408.0,Generación,1048
125,X,3,6,433894.0,Generación,1049
126,X,3,7,295579.0,Generación,1050
127,X,3,8,101428.0,Generación,1051
128,X,3,9,12631.0,Generación,1052
129,X,3,10,4551.0,Generación,1053
130,X,4,1,34864.0,Generación,1054
131,X,4,2,46153.0,Generación,1055
132,X,4,3,101441.0,Generación,1056
133,X,4,4,315352.0,Generación,1057
134,X,4,5,694268.0,Generación,1058
135,X,4,6,620894.0,Generación,1059
136,X,4,7,390792.0,Generación,1060
137,X,4,8,150879.0,Generación,1061
138,X,4,9,8863.0,Generación,1062
139,X,4,10,9158.0,Generación,1063
140,X,5,1,93587.0,Generación,1064
141,X,5,2,71230.0,Generación,1065
142,X,5,3,153214.0,Generación,1066
143,X,5,4,186793.0,Generación,1067
144,X,5,5,1020294.0,Generación,1068
145,X,5,6,404900.0,Generación,1069
146,X,5,7,725439.0,Generación,1070
147,X,5,8,298145.0,Generación,1071
148,X,5,9,24552.0,Generación,1072
149,X,5,10,7517.0,Generación,1073
150,X,6,1,42460.0,Generación,1074
151,X,6,2,25979.0,Generación,1075
152,X,6,3,86877.0,Generación,1076
153,X,6,4,176197.0,Generación,1077
154,X,6,5,255056.0,Generación,1078
155,X,6,6,396439.0,Generación,1079
156,X,6,7,363215.0,Generación,1080
157,X,6,8,309761.0,Generación,1081
158,X,6,9,20984.0,Generación,1082
159,X,6,10,14143.0,Generación,1083
160,X,7,1,10316.0,Generación,1084
161,X,7,2,35676.0,Generación,1085
162,X,7,3,24435.0,Generación,1086
163,X,7,4,131484.0,Generación,1087
164,X,7,5,383656.0,Generación,1088
165,X,7,6,196299.0,Generación,1089
166,X,7,7,448718.0,Generación,1090
167,X,7,8,227971.0,Generación,1091
168,X,7,9,45771.0,Generación,1092
169,X,7,10,13337.0,Generación,1093
170,X,8,1,32731.0,Generación,1094
171,X,8,2,32387.0,Generación,1095
172,X,8,3,43303.0,Generación,1096
173,X,8,4,110556.0,Generación,1097
174,X,8,5,451161.0,Generación,1098
175,X,8,6,284670.0,Generación,1099
176,X,8,7,302866.0,Generación,1100
177,X,8,8,335271.0,Generación,1101
178,X,8,9,18113.0,Generación,1102
179,X,8,10,24683.0,Generación,1103
180,X,9,1,14297.0,Generación,1104
181,X,9,2,18435.0,Generación,1105
182,X,9,3,12223.0,Generación,1106
183,X,9,4,61706.0,Generación,1107
184,X,9,5,105175.0,Generación,1108
185,X,9,6,142236.0,Generación,1109
186,X,9,7,225155.0,Generación,1110
187,X,9,8,192945.0,Generación,1111
188,X,9,9,35197.0,Generación,1112
189,X,9,10,8603.0,Generación,1113
190,X,10,1,27992.0,Generación,1114
191,X,10,2,12016.0,Generación,1115
192,X,10,3,36702.0,Generación,1116
193,X,10,4,29305.0,Generación,1117
194,X,10,5,108955.0,Generación,1118
195,X,10,6,46248.0,Generación,1119
196,X,10,7,79401.0,Generación,1120
197,X,10,8,102308.0,Generación,1121
198,X,10,9,29808.0,Generación,1122
199,X,10,10,69894.0,Generación,1123
200,Baby Boomers,1,1,1354661.0,Generación,1124
201,Baby Boomers,1,2,854891.0,Generación,1125
202,Baby Boomers,1,3,1005170.0,Generación,1126
203,Baby Boomers,1,4,615773.0,Generación,1127
204,Baby Boomers,1,5,923578.0,Generación,1128
205,Baby Boomers,1,6,214773.0,Generación,1129
206,Baby Boomers,1,7,104334.0,Generación,1130
207,Baby Boomers,1,8,82087.0,Generación,1131
208,Baby Boomers,1,9,9455.0,Generación,1132
209,Baby Boomers,1,10,37446.0,Generación,1133
210,Baby Boomers,2,1,159770.0,Generación,1134
211,Baby Boomers,2,2,232233.0,Generación,1135
212,Baby Boomers,2,3,452467.0,Generación,1136
213,Baby Boomers,2,4,712804.0,Generación,1137
214,Baby Boomers,2,5,982611.0,Generación,1138
215,Baby Boomers,2,6,303281.0,Generación,1139
216,Baby Boomers,2,7,180611.0,Generación,1140
217,Baby Boomers,2,8,59577.0,Generación,1141
218,Baby Boomers,2,9,15340.0,Generación,1142
219,Baby Boomers,2,10,7274.0,Generación,1143
220,Baby Boomers,3,1,75126.0,Generación,1144
221,Baby Boomers,3,2,125326.0,Generación,1145
222,Baby Boomers,3,3,345624.0,Generación,1146
223,Baby Boomers,3,4,368196.0,Generación,1147
224,Baby Boomers,3,5,1195318.0,Generación,1148
225,Baby Boomers,3,6,475339.0,Generación,1149
226,Baby Boomers,3,7,278173.0,Generación,1150
227,Baby Boomers,3,8,98535.0,Generación,1151
228,Baby Boomers,3,9,9453.0,Generación,1152
229,Baby Boomers,3,10,9088.0,Generación,1153
230,Baby Boomers,4,1,48848.0,Generación,1154
231,Baby Boomers,4,2,83080.0,Generación,1155
232,Baby Boomers,4,3,73891.0,Generación,1156
233,Baby Boomers,4,4,346442.0,Generación,1157
234,Baby Boomers,4,5,530959.0,Generación,1158
235,Baby Boomers,4,6,493484.0,Generación,1159
236,Baby Boomers,4,7,381752.0,Generación,1160
237,Baby Boomers,4,8,95296.0,Generación,1161
238,Baby Boomers,4,9,9759.0,Generación,1162
239,Baby Boomers,4,10,4110.0,Generación,1163
240,Baby Boomers,5,1,110039.0,Generación,1164
241,Baby Boomers,5,2,65557.0,Generación,1165
242,Baby Boomers,5,3,144372.0,Generación,1166
243,Baby Boomers,5,4,174084.0,Generación,1167
244,Baby Boomers,5,5,645345.0,Generación,1168
245,Baby Boomers,5,6,241076.0,Generación,1169
246,Baby Boomers,5,7,491289.0,Generación,1170
247,Baby Boomers,5,8,201538.0,Generación,1171
248,Baby Boomers,5,9,11665.0,Generación,1172
249,Baby Boomers,5,10,29236.0,Generación,1173
250,Baby Boomers,6,1,36775.0,Generación,1174
251,Baby Boomers,6,2,25970.0,Generación,1175
252,Baby Boomers,6,3,78652.0,Generación,1176
253,Baby Boomers,6,4,179746.0,Generación,1177
254,Baby Boomers,6,5,204623.0,Generación,1178
255,Baby Boomers,6,6,378366.0,Generación,1179
256,Baby Boomers,6,7,230237.0,Generación,1180
257,Baby Boomers,6,8,204339.0,Generación,1181
258,Baby Boomers,6,9,21264.0,Generación,1182
259,Baby Boomers,6,10,23715.0,Generación,1183
260,Baby Boomers,7,1,21728.0,Generación,1184
261,Baby Boomers,7,2,26470.0,Generación,1185
262,Baby Boomers,7,3,42204.0,Generación,1186
263,Baby Boomers,7,4,144449.0,Generación,1187
264,Baby Boomers,7,5,242022.0,Generación,1188
265,Baby Boomers,7,6,163571.0,Generación,1189
266,Baby Boomers,7,7,269335.0,Generación,1190
267,Baby Boomers,7,8,147710.0,Generación,1191
268,Baby Boomers,7,9,23679.0,Generación,1192
269,Baby Boomers,7,10,12654.0,Generación,1193
270,Baby Boomers,8,1,63876.0,Generación,1194
271,Baby Boomers,8,2,56340.0,Generación,1195
272,Baby Boomers,8,3,66155.0,Generación,1196
273,Baby Boomers,8,4,130546.0,Generación,1197
274,Baby Boomers,8,5,285840.0,Generación,1198
275,Baby Boomers,8,6,241311.0,Generación,1199
276,Baby Boomers,8,7,184207.0,Generación,1200
277,Baby Boomers,8,8,207996.0,Generación,1201
278,Baby Boomers,8,9,33480.0,Generación,1202
279,Baby Boomers,8,10,23238.0,Generación,1203
280,Baby Boomers,9,1,5535.0,Generación,1204
281,Baby Boomers,9,2,29714.0,Generación,1205
282,Baby Boomers,9,3,10676.0,Generación,1206
283,Baby Boomers,9,4,28799.0,Generación,1207
284,Baby Boomers,9,5,100043.0,Generación,1208
285,Baby Boomers,9,6,58686.0,Generación,1209
286,Baby Boomers,9,7,128554.0,Generación,1210
287,Baby Boomers,9,8,91558.0,Generación,1211
288,Baby Boomers,9,9,15843.0,Generación,1212
289,Baby Boomers,9,10,1056.0,Generación,1213
290,Baby Boomers,10,1,35769.0,Generación,1214
291,Baby Boomers,10,2,13997.0,Generación,1215
292,Baby Boomers,10,3,12523.0,Generación,1216
293,Baby Boomers,10,4,29043.0,Generación,1217
294,Baby Boomers,10,5,84736.0,Generación,1218
295,Baby Boomers,10,6,59462.0,Generación,1219
296,Baby Boomers,10,7,44631.0,Generación,1220
297,Baby Boomers,10,8,44163.0,Generación,1221
298,Baby Boomers,10,9,19071.0,Generación,1222
299,Baby Boomers,10,10,52232.0,Generación,1223
0,Alto,1,1,29329.0,Estrato_Socioeconómico,1224
1,Alto,1,2,43558.0,Estrato_Socioeconómico,1225
2,Alto,1,3,91262.0,Estrato_Socioeconómico,1226
3,Alto,1,4,37250.0,Estrato_Socioeconómico,1227
4,Alto,1,5,52831.0,Estrato_Socioeconómico,1228
5,Alto,1,6,34901.0,Estrato_Socioeconómico,1229
6,Alto,1,7,14196.0,Estrato_Socioeconómico,1230
7,Alto,1,8,6895.0,Estrato_Socioeconómico,1231
8,Alto,1,10,5703.0,Estrato_Socioeconómico,1232
9,Alto,2,1,546.0,Estrato_Socioeconómico,1233
10,Alto,2,2,21523.0,Estrato_Socioeconómico,1234
11,Alto,2,3,41881.0,Estrato_Socioeconómico,1235
12,Alto,2,4,93799.0,Estrato_Socioeconómico,1236
13,Alto,2,5,145889.0,Estrato_Socioeconómico,1237
14,Alto,2,6,85323.0,Estrato_Socioeconómico,1238
15,Alto,2,7,19686.0,Estrato_Socioeconómico,1239
16,Alto,2,8,15884.0,Estrato_Socioeconómico,1240
17,Alto,2,9,789.0,Estrato_Socioeconómico,1241
18,Alto,3,1,3745.0,Estrato_Socioeconómico,1242
19,Alto,3,2,1524.0,Estrato_Socioeconómico,1243
20,Alto,3,3,40711.0,Estrato_Socioeconómico,1244
21,Alto,3,4,67139.0,Estrato_Socioeconómico,1245
22,Alto,3,5,271167.0,Estrato_Socioeconómico,1246
23,Alto,3,6,146149.0,Estrato_Socioeconómico,1247
24,Alto,3,7,79426.0,Estrato_Socioeconómico,1248
25,Alto,3,8,12041.0,Estrato_Socioeconómico,1249
26,Alto,3,9,1867.0,Estrato_Socioeconómico,1250
27,Alto,3,10,3340.0,Estrato_Socioeconómico,1251
28,Alto,4,1,8184.0,Estrato_Socioeconómico,1252
29,Alto,4,2,1698.0,Estrato_Socioeconómico,1253
30,Alto,4,3,15960.0,Estrato_Socioeconómico,1254
31,Alto,4,4,93577.0,Estrato_Socioeconómico,1255
32,Alto,4,5,240758.0,Estrato_Socioeconómico,1256
33,Alto,4,6,187374.0,Estrato_Socioeconómico,1257
34,Alto,4,7,157401.0,Estrato_Socioeconómico,1258
35,Alto,4,8,59806.0,Estrato_Socioeconómico,1259
36,Alto,4,9,2210.0,Estrato_Socioeconómico,1260
37,Alto,4,10,5893.0,Estrato_Socioeconómico,1261
38,Alto,5,1,16411.0,Estrato_Socioeconómico,1262
39,Alto,5,2,7940.0,Estrato_Socioeconómico,1263
40,Alto,5,3,21230.0,Estrato_Socioeconómico,1264
41,Alto,5,4,71898.0,Estrato_Socioeconómico,1265
42,Alto,5,5,326894.0,Estrato_Socioeconómico,1266
43,Alto,5,6,160163.0,Estrato_Socioeconómico,1267
44,Alto,5,7,260611.0,Estrato_Socioeconómico,1268
45,Alto,5,8,148862.0,Estrato_Socioeconómico,1269
46,Alto,5,9,10748.0,Estrato_Socioeconómico,1270
47,Alto,5,10,1906.0,Estrato_Socioeconómico,1271
48,Alto,6,1,2980.0,Estrato_Socioeconómico,1272
49,Alto,6,2,12182.0,Estrato_Socioeconómico,1273
50,Alto,6,3,25195.0,Estrato_Socioeconómico,1274
51,Alto,6,4,58249.0,Estrato_Socioeconómico,1275
52,Alto,6,5,70324.0,Estrato_Socioeconómico,1276
53,Alto,6,6,221030.0,Estrato_Socioeconómico,1277
54,Alto,6,7,236206.0,Estrato_Socioeconómico,1278
55,Alto,6,8,142395.0,Estrato_Socioeconómico,1279
56,Alto,6,9,4056.0,Estrato_Socioeconómico,1280
57,Alto,6,10,8579.0,Estrato_Socioeconómico,1281
58,Alto,7,2,2060.0,Estrato_Socioeconómico,1282
59,Alto,7,3,4725.0,Estrato_Socioeconómico,1283
60,Alto,7,4,22073.0,Estrato_Socioeconómico,1284
61,Alto,7,5,148375.0,Estrato_Socioeconómico,1285
62,Alto,7,6,146009.0,Estrato_Socioeconómico,1286
63,Alto,7,7,239204.0,Estrato_Socioeconómico,1287
64,Alto,7,8,188983.0,Estrato_Socioeconómico,1288
65,Alto,7,9,24881.0,Estrato_Socioeconómico,1289
66,Alto,7,10,5360.0,Estrato_Socioeconómico,1290
67,Alto,8,1,16415.0,Estrato_Socioeconómico,1291
68,Alto,8,2,2087.0,Estrato_Socioeconómico,1292
69,Alto,8,3,6743.0,Estrato_Socioeconómico,1293
70,Alto,8,4,42512.0,Estrato_Socioeconómico,1294
71,Alto,8,5,158269.0,Estrato_Socioeconómico,1295
72,Alto,8,6,141491.0,Estrato_Socioeconómico,1296
73,Alto,8,7,201719.0,Estrato_Socioeconómico,1297
74,Alto,8,8,242907.0,Estrato_Socioeconómico,1298
75,Alto,8,9,6755.0,Estrato_Socioeconómico,1299
76,Alto,8,10,33505.0,Estrato_Socioeconómico,1300
77,Alto,9,1,773.0,Estrato_Socioeconómico,1301
78,Alto,9,2,1204.0,Estrato_Socioeconómico,1302
79,Alto,9,3,516.0,Estrato_Socioeconómico,1303
80,Alto,9,4,8916.0,Estrato_Socioeconómico,1304
81,Alto,9,5,33143.0,Estrato_Socioeconómico,1305
82,Alto,9,6,40542.0,Estrato_Socioeconómico,1306
83,Alto,9,7,76240.0,Estrato_Socioeconómico,1307
84,Alto,9,8,102551.0,Estrato_Socioeconómico,1308
85,Alto,9,9,18742.0,Estrato_Socioeconómico,1309
86,Alto,10,1,1350.0,Estrato_Socioeconómico,1310
87,Alto,10,2,3517.0,Estrato_Socioeconómico,1311
88,Alto,10,3,3699.0,Estrato_Socioeconómico,1312
89,Alto,10,4,19585.0,Estrato_Socioeconómico,1313
90,Alto,10,5,32136.0,Estrato_Socioeconómico,1314
91,Alto,10,6,42421.0,Estrato_Socioeconómico,1315
92,Alto,10,7,31666.0,Estrato_Socioeconómico,1316
93,Alto,10,8,47186.0,Estrato_Socioeconómico,1317
94,Alto,10,9,10103.0,Estrato_Socioeconómico,1318
95,Alto,10,10,23902.0,Estrato_Socioeconómico,1319
96,Bajo,1,1,1436486.0,Estrato_Socioeconómico,1320
97,Bajo,1,2,951909.0,Estrato_Socioeconómico,1321
98,Bajo,1,3,708073.0,Estrato_Socioeconómico,1322
99,Bajo,1,4,350516.0,Estrato_Socioeconómico,1323
100,Bajo,1,5,427122.0,Estrato_Socioeconómico,1324
101,Bajo,1,6,61241.0,Estrato_Socioeconómico,1325
102,Bajo,1,7,23370.0,Estrato_Socioeconómico,1326
103,Bajo,1,8,23814.0,Estrato_Socioeconómico,1327
104,Bajo,1,9,5079.0,Estrato_Socioeconómico,1328
105,Bajo,1,10,23415.0,Estrato_Socioeconómico,1329
106,Bajo,2,1,140235.0,Estrato_Socioeconómico,1330
107,Bajo,2,2,259990.0,Estrato_Socioeconómico,1331
108,Bajo,2,3,326345.0,Estrato_Socioeconómico,1332
109,Bajo,2,4,445743.0,Estrato_Socioeconómico,1333
110,Bajo,2,5,466581.0,Estrato_Socioeconómico,1334
111,Bajo,2,6,129602.0,Estrato_Socioeconómico,1335
112,Bajo,2,7,34087.0,Estrato_Socioeconómico,1336
113,Bajo,2,8,20982.0,Estrato_Socioeconómico,1337
114,Bajo,2,9,8840.0,Estrato_Socioeconómico,1338
115,Bajo,2,10,6663.0,Estrato_Socioeconómico,1339
116,Bajo,3,1,60584.0,Estrato_Socioeconómico,1340
117,Bajo,3,2,95125.0,Estrato_Socioeconómico,1341
118,Bajo,3,3,199877.0,Estrato_Socioeconómico,1342
119,Bajo,3,4,175169.0,Estrato_Socioeconómico,1343
120,Bajo,3,5,547720.0,Estrato_Socioeconómico,1344
121,Bajo,3,6,133912.0,Estrato_Socioeconómico,1345
122,Bajo,3,7,65892.0,Estrato_Socioeconómico,1346
123,Bajo,3,8,29803.0,Estrato_Socioeconómico,1347
124,Bajo,3,9,1030.0,Estrato_Socioeconómico,1348
125,Bajo,3,10,8278.0,Estrato_Socioeconómico,1349
126,Bajo,4,1,32593.0,Estrato_Socioeconómico,1350
127,Bajo,4,2,34912.0,Estrato_Socioeconómico,1351
128,Bajo,4,3,46953.0,Estrato_Socioeconómico,1352
129,Bajo,4,4,113912.0,Estrato_Socioeconómico,1353
130,Bajo,4,5,282645.0,Estrato_Socioeconómico,1354
131,Bajo,4,6,146810.0,Estrato_Socioeconómico,1355
132,Bajo,4,7,83854.0,Estrato_Socioeconómico,1356
133,Bajo,4,8,59930.0,Estrato_Socioeconómico,1357
134,Bajo,4,9,2016.0,Estrato_Socioeconómico,1358
135,Bajo,4,10,2913.0,Estrato_Socioeconómico,1359
136,Bajo,5,1,69196.0,Estrato_Socioeconómico,1360
137,Bajo,5,2,41972.0,Estrato_Socioeconómico,1361
138,Bajo,5,3,94354.0,Estrato_Socioeconómico,1362
139,Bajo,5,4,74256.0,Estrato_Socioeconómico,1363
140,Bajo,5,5,319921.0,Estrato_Socioeconómico,1364
141,Bajo,5,6,97987.0,Estrato_Socioeconómico,1365
142,Bajo,5,7,200518.0,Estrato_Socioeconómico,1366
143,Bajo,5,8,74371.0,Estrato_Socioeconómico,1367
144,Bajo,5,9,7024.0,Estrato_Socioeconómico,1368
145,Bajo,5,10,24517.0,Estrato_Socioeconómico,1369
146,Bajo,6,1,13761.0,Estrato_Socioeconómico,1370
147,Bajo,6,2,21691.0,Estrato_Socioeconómico,1371
148,Bajo,6,3,34006.0,Estrato_Socioeconómico,1372
149,Bajo,6,4,56820.0,Estrato_Socioeconómico,1373
150,Bajo,6,5,119581.0,Estrato_Socioeconómico,1374
151,Bajo,6,6,94994.0,Estrato_Socioeconómico,1375
152,Bajo,6,7,88028.0,Estrato_Socioeconómico,1376
153,Bajo,6,8,91115.0,Estrato_Socioeconómico,1377
154,Bajo,6,9,9452.0,Estrato_Socioeconómico,1378
155,Bajo,6,10,18689.0,Estrato_Socioeconómico,1379
156,Bajo,7,1,22239.0,Estrato_Socioeconómico,1380
157,Bajo,7,2,19690.0,Estrato_Socioeconómico,1381
158,Bajo,7,3,10738.0,Estrato_Socioeconómico,1382
159,Bajo,7,4,31960.0,Estrato_Socioeconómico,1383
160,Bajo,7,5,101705.0,Estrato_Socioeconómico,1384
161,Bajo,7,6,27523.0,Estrato_Socioeconómico,1385
162,Bajo,7,7,65765.0,Estrato_Socioeconómico,1386
163,Bajo,7,8,56574.0,Estrato_Socioeconómico,1387
164,Bajo,7,9,6777.0,Estrato_Socioeconómico,1388
165,Bajo,7,10,10688.0,Estrato_Socioeconómico,1389
166,Bajo,8,1,6064.0,Estrato_Socioeconómico,1390
167,Bajo,8,2,17115.0,Estrato_Socioeconómico,1391
168,Bajo,8,3,20578.0,Estrato_Socioeconómico,1392
169,Bajo,8,4,29309.0,Estrato_Socioeconómico,1393
170,Bajo,8,5,82194.0,Estrato_Socioeconómico,1394
171,Bajo,8,6,37943.0,Estrato_Socioeconómico,1395
172,Bajo,8,7,50445.0,Estrato_Socioeconómico,1396
173,Bajo,8,8,47013.0,Estrato_Socioeconómico,1397
174,Bajo,8,9,17393.0,Estrato_Socioeconómico,1398
175,Bajo,8,10,16779.0,Estrato_Socioeconómico,1399
176,Bajo,9,1,5554.0,Estrato_Socioeconómico,1400
177,Bajo,9,3,8679.0,Estrato_Socioeconómico,1401
178,Bajo,9,4,6349.0,Estrato_Socioeconómico,1402
179,Bajo,9,5,25084.0,Estrato_Socioeconómico,1403
180,Bajo,9,6,19921.0,Estrato_Socioeconómico,1404
181,Bajo,9,7,15944.0,Estrato_Socioeconómico,1405
182,Bajo,9,8,10646.0,Estrato_Socioeconómico,1406
183,Bajo,9,9,15452.0,Estrato_Socioeconómico,1407
184,Bajo,9,10,6308.0,Estrato_Socioeconómico,1408
185,Bajo,10,1,15231.0,Estrato_Socioeconómico,1409
186,Bajo,10,2,7438.0,Estrato_Socioeconómico,1410
187,Bajo,10,3,5247.0,Estrato_Socioeconómico,1411
188,Bajo,10,4,9255.0,Estrato_Socioeconómico,1412
189,Bajo,10,5,29598.0,Estrato_Socioeconómico,1413
190,Bajo,10,6,6411.0,Estrato_Socioeconómico,1414
191,Bajo,10,7,25374.0,Estrato_Socioeconómico,1415
192,Bajo,10,8,21073.0,Estrato_Socioeconómico,1416
193,Bajo,10,9,3472.0,Estrato_Socioeconómico,1417
194,Bajo,10,10,49504.0,Estrato_Socioeconómico,1418
195,Medio alto,1,1,211699.0,Estrato_Socioeconómico,1419
196,Medio alto,1,2,94194.0,Estrato_Socioeconómico,1420
197,Medio alto,1,3,234208.0,Estrato_Socioeconómico,1421
198,Medio alto,1,4,191947.0,Estrato_Socioeconómico,1422
199,Medio alto,1,5,243031.0,Estrato_Socioeconómico,1423
200,Medio alto,1,6,74336.0,Estrato_Socioeconómico,1424
201,Medio alto,1,7,37884.0,Estrato_Socioeconómico,1425
202,Medio alto,1,8,17601.0,Estrato_Socioeconómico,1426
203,Medio alto,1,9,2834.0,Estrato_Socioeconómico,1427
204,Medio alto,1,10,1845.0,Estrato_Socioeconómico,1428
205,Medio alto,2,1,17832.0,Estrato_Socioeconómico,1429
206,Medio alto,2,2,40150.0,Estrato_Socioeconómico,1430
207,Medio alto,2,3,161469.0,Estrato_Socioeconómico,1431
208,Medio alto,2,4,382733.0,Estrato_Socioeconómico,1432
209,Medio alto,2,5,405478.0,Estrato_Socioeconómico,1433
210,Medio alto,2,6,142615.0,Estrato_Socioeconómico,1434
211,Medio alto,2,7,69862.0,Estrato_Socioeconómico,1435
212,Medio alto,2,8,29285.0,Estrato_Socioeconómico,1436
213,Medio alto,2,9,6777.0,Estrato_Socioeconómico,1437
214,Medio alto,2,10,3011.0,Estrato_Socioeconómico,1438
215,Medio alto,3,1,29843.0,Estrato_Socioeconómico,1439
216,Medio alto,3,2,29004.0,Estrato_Socioeconómico,1440
217,Medio alto,3,3,144889.0,Estrato_Socioeconómico,1441
218,Medio alto,3,4,223161.0,Estrato_Socioeconómico,1442
219,Medio alto,3,5,877905.0,Estrato_Socioeconómico,1443
220,Medio alto,3,6,272824.0,Estrato_Socioeconómico,1444
221,Medio alto,3,7,187449.0,Estrato_Socioeconómico,1445
222,Medio alto,3,8,39079.0,Estrato_Socioeconómico,1446
223,Medio alto,3,9,7468.0,Estrato_Socioeconómico,1447
224,Medio alto,3,10,922.0,Estrato_Socioeconómico,1448
225,Medio alto,4,1,21366.0,Estrato_Socioeconómico,1449
226,Medio alto,4,2,17843.0,Estrato_Socioeconómico,1450
227,Medio alto,4,3,49650.0,Estrato_Socioeconómico,1451
228,Medio alto,4,4,171814.0,Estrato_Socioeconómico,1452
229,Medio alto,4,5,442519.0,Estrato_Socioeconómico,1453
230,Medio alto,4,6,425510.0,Estrato_Socioeconómico,1454
231,Medio alto,4,7,280206.0,Estrato_Socioeconómico,1455
232,Medio alto,4,8,101725.0,Estrato_Socioeconómico,1456
233,Medio alto,4,9,8739.0,Estrato_Socioeconómico,1457
234,Medio alto,5,1,46949.0,Estrato_Socioeconómico,1458
235,Medio alto,5,2,23812.0,Estrato_Socioeconómico,1459
236,Medio alto,5,3,94681.0,Estrato_Socioeconómico,1460
237,Medio alto,5,4,141220.0,Estrato_Socioeconómico,1461
238,Medio alto,5,5,730333.0,Estrato_Socioeconómico,1462
239,Medio alto,5,6,330449.0,Estrato_Socioeconómico,1463
240,Medio alto,5,7,602367.0,Estrato_Socioeconómico,1464
241,Medio alto,5,8,246740.0,Estrato_Socioeconómico,1465
242,Medio alto,5,9,18411.0,Estrato_Socioeconómico,1466
243,Medio alto,5,10,11328.0,Estrato_Socioeconómico,1467
244,Medio alto,6,1,13637.0,Estrato_Socioeconómico,1468
245,Medio alto,6,2,11774.0,Estrato_Socioeconómico,1469
246,Medio alto,6,3,53971.0,Estrato_Socioeconómico,1470
247,Medio alto,6,4,123202.0,Estrato_Socioeconómico,1471
248,Medio alto,6,5,199008.0,Estrato_Socioeconómico,1472
249,Medio alto,6,6,335674.0,Estrato_Socioeconómico,1473
250,Medio alto,6,7,362514.0,Estrato_Socioeconómico,1474
251,Medio alto,6,8,300348.0,Estrato_Socioeconómico,1475
252,Medio alto,6,9,17741.0,Estrato_Socioeconómico,1476
253,Medio alto,6,10,7237.0,Estrato_Socioeconómico,1477
254,Medio alto,7,1,2559.0,Estrato_Socioeconómico,1478
255,Medio alto,7,2,17369.0,Estrato_Socioeconómico,1479
256,Medio alto,7,3,26841.0,Estrato_Socioeconómico,1480
257,Medio alto,7,4,142448.0,Estrato_Socioeconómico,1481
258,Medio alto,7,5,321263.0,Estrato_Socioeconómico,1482
259,Medio alto,7,6,234876.0,Estrato_Socioeconómico,1483
260,Medio alto,7,7,483528.0,Estrato_Socioeconómico,1484
261,Medio alto,7,8,212232.0,Estrato_Socioeconómico,1485
262,Medio alto,7,9,18563.0,Estrato_Socioeconómico,1486
263,Medio alto,7,10,5962.0,Estrato_Socioeconómico,1487
264,Medio alto,8,1,19187.0,Estrato_Socioeconómico,1488
265,Medio alto,8,2,13442.0,Estrato_Socioeconómico,1489
266,Medio alto,8,3,30466.0,Estrato_Socioeconómico,1490
267,Medio alto,8,4,94216.0,Estrato_Socioeconómico,1491
268,Medio alto,8,5,316546.0,Estrato_Socioeconómico,1492
269,Medio alto,8,6,345722.0,Estrato_Socioeconómico,1493
270,Medio alto,8,7,339839.0,Estrato_Socioeconómico,1494
271,Medio alto,8,8,362512.0,Estrato_Socioeconómico,1495
272,Medio alto,8,9,45473.0,Estrato_Socioeconómico,1496
273,Medio alto,8,10,11977.0,Estrato_Socioeconómico,1497
274,Medio alto,9,1,14289.0,Estrato_Socioeconómico,1498
275,Medio alto,9,2,15429.0,Estrato_Socioeconómico,1499
276,Medio alto,9,3,13212.0,Estrato_Socioeconómico,1500
277,Medio alto,9,4,35373.0,Estrato_Socioeconómico,1501
278,Medio alto,9,5,88408.0,Estrato_Socioeconómico,1502
279,Medio alto,9,6,113175.0,Estrato_Socioeconómico,1503
280,Medio alto,9,7,183662.0,Estrato_Socioeconómico,1504
281,Medio alto,9,8,156082.0,Estrato_Socioeconómico,1505
282,Medio alto,9,9,31143.0,Estrato_Socioeconómico,1506
283,Medio alto,9,10,3001.0,Estrato_Socioeconómico,1507
284,Medio alto,10,1,25477.0,Estrato_Socioeconómico,1508
285,Medio alto,10,2,7932.0,Estrato_Socioeconómico,1509
286,Medio alto,10,3,15750.0,Estrato_Socioeconómico,1510
287,Medio alto,10,4,13977.0,Estrato_Socioeconómico,1511
288,Medio alto,10,5,83821.0,Estrato_Socioeconómico,1512
289,Medio alto,10,6,65916.0,Estrato_Socioeconómico,1513
290,Medio alto,10,7,60273.0,Estrato_Socioeconómico,1514
291,Medio alto,10,8,67267.0,Estrato_Socioeconómico,1515
292,Medio alto,10,9,19462.0,Estrato_Socioeconómico,1516
293,Medio alto,10,10,24352.0,Estrato_Socioeconómico,1517
294,Medio bajo,1,1,1185945.0,Estrato_Socioeconómico,1518
295,Medio bajo,1,2,934039.0,Estrato_Socioeconómico,1519
296,Medio bajo,1,3,1241843.0,Estrato_Socioeconómico,1520
297,Medio bajo,1,4,764639.0,Estrato_Socioeconómico,1521
298,Medio bajo,1,5,1005120.0,Estrato_Socioeconómico,1522
299,Medio bajo,1,6,244422.0,Estrato_Socioeconómico,1523
300,Medio bajo,1,7,125459.0,Estrato_Socioeconómico,1524
301,Medio bajo,1,8,83680.0,Estrato_Socioeconómico,1525
302,Medio bajo,1,9,23623.0,Estrato_Socioeconómico,1526
303,Medio bajo,1,10,39019.0,Estrato_Socioeconómico,1527
304,Medio bajo,2,1,211189.0,Estrato_Socioeconómico,1528
305,Medio bajo,2,2,443689.0,Estrato_Socioeconómico,1529
306,Medio bajo,2,3,646695.0,Estrato_Socioeconómico,1530
307,Medio bajo,2,4,1054953.0,Estrato_Socioeconómico,1531
308,Medio bajo,2,5,1273893.0,Estrato_Socioeconómico,1532
309,Medio bajo,2,6,401992.0,Estrato_Socioeconómico,1533
310,Medio bajo,2,7,201572.0,Estrato_Socioeconómico,1534
311,Medio bajo,2,8,48183.0,Estrato_Socioeconómico,1535
312,Medio bajo,2,9,17361.0,Estrato_Socioeconómico,1536
313,Medio bajo,2,10,1599.0,Estrato_Socioeconómico,1537
314,Medio bajo,3,1,126920.0,Estrato_Socioeconómico,1538
315,Medio bajo,3,2,193792.0,Estrato_Socioeconómico,1539
316,Medio bajo,3,3,475036.0,Estrato_Socioeconómico,1540
317,Medio bajo,3,4,773354.0,Estrato_Socioeconómico,1541
318,Medio bajo,3,5,2118818.0,Estrato_Socioeconómico,1542
319,Medio bajo,3,6,692434.0,Estrato_Socioeconómico,1543
320,Medio bajo,3,7,384548.0,Estrato_Socioeconómico,1544
321,Medio bajo,3,8,154481.0,Estrato_Socioeconómico,1545
322,Medio bajo,3,9,20488.0,Estrato_Socioeconómico,1546
323,Medio bajo,3,10,6107.0,Estrato_Socioeconómico,1547
324,Medio bajo,4,1,122711.0,Estrato_Socioeconómico,1548
325,Medio bajo,4,2,123960.0,Estrato_Socioeconómico,1549
326,Medio bajo,4,3,143424.0,Estrato_Socioeconómico,1550
327,Medio bajo,4,4,589729.0,Estrato_Socioeconómico,1551
328,Medio bajo,4,5,1069756.0,Estrato_Socioeconómico,1552
329,Medio bajo,4,6,1034969.0,Estrato_Socioeconómico,1553
330,Medio bajo,4,7,645541.0,Estrato_Socioeconómico,1554
331,Medio bajo,4,8,224988.0,Estrato_Socioeconómico,1555
332,Medio bajo,4,9,5657.0,Estrato_Socioeconómico,1556
333,Medio bajo,4,10,9978.0,Estrato_Socioeconómico,1557
334,Medio bajo,5,1,182001.0,Estrato_Socioeconómico,1558
335,Medio bajo,5,2,120301.0,Estrato_Socioeconómico,1559
336,Medio bajo,5,3,264150.0,Estrato_Socioeconómico,1560
337,Medio bajo,5,4,285333.0,Estrato_Socioeconómico,1561
338,Medio bajo,5,5,1501233.0,Estrato_Socioeconómico,1562
339,Medio bajo,5,6,657739.0,Estrato_Socioeconómico,1563
340,Medio bajo,5,7,943781.0,Estrato_Socioeconómico,1564
341,Medio bajo,5,8,344743.0,Estrato_Socioeconómico,1565
342,Medio bajo,5,9,23248.0,Estrato_Socioeconómico,1566
343,Medio bajo,5,10,12166.0,Estrato_Socioeconómico,1567
344,Medio bajo,6,1,78542.0,Estrato_Socioeconómico,1568
345,Medio bajo,6,2,57135.0,Estrato_Socioeconómico,1569
346,Medio bajo,6,3,174115.0,Estrato_Socioeconómico,1570
347,Medio bajo,6,4,366482.0,Estrato_Socioeconómico,1571
348,Medio bajo,6,5,334045.0,Estrato_Socioeconómico,1572
349,Medio bajo,6,6,640604.0,Estrato_Socioeconómico,1573
350,Medio bajo,6,7,353278.0,Estrato_Socioeconómico,1574
351,Medio bajo,6,8,435894.0,Estrato_Socioeconómico,1575
352,Medio bajo,6,9,21640.0,Estrato_Socioeconómico,1576
353,Medio bajo,6,10,14313.0,Estrato_Socioeconómico,1577
354,Medio bajo,7,1,38231.0,Estrato_Socioeconómico,1578
355,Medio bajo,7,2,39896.0,Estrato_Socioeconómico,1579
356,Medio bajo,7,3,92639.0,Estrato_Socioeconómico,1580
357,Medio bajo,7,4,229229.0,Estrato_Socioeconómico,1581
358,Medio bajo,7,5,551204.0,Estrato_Socioeconómico,1582
359,Medio bajo,7,6,271670.0,Estrato_Socioeconómico,1583
360,Medio bajo,7,7,515023.0,Estrato_Socioeconómico,1584
361,Medio bajo,7,8,274556.0,Estrato_Socioeconómico,1585
362,Medio bajo,7,9,45729.0,Estrato_Socioeconómico,1586
363,Medio bajo,7,10,14856.0,Estrato_Socioeconómico,1587
364,Medio bajo,8,1,83643.0,Estrato_Socioeconómico,1588
365,Medio bajo,8,2,81773.0,Estrato_Socioeconómico,1589
366,Medio bajo,8,3,113410.0,Estrato_Socioeconómico,1590
367,Medio bajo,8,4,171236.0,Estrato_Socioeconómico,1591
368,Medio bajo,8,5,646383.0,Estrato_Socioeconómico,1592
369,Medio bajo,8,6,388596.0,Estrato_Socioeconómico,1593
370,Medio bajo,8,7,392984.0,Estrato_Socioeconómico,1594
371,Medio bajo,8,8,398098.0,Estrato_Socioeconómico,1595
372,Medio bajo,8,9,34165.0,Estrato_Socioeconómico,1596
373,Medio bajo,8,10,12033.0,Estrato_Socioeconómico,1597
374,Medio bajo,9,1,15208.0,Estrato_Socioeconómico,1598
375,Medio bajo,9,2,37989.0,Estrato_Socioeconómico,1599
376,Medio bajo,9,3,17383.0,Estrato_Socioeconómico,1600
377,Medio bajo,9,4,65720.0,Estrato_Socioeconómico,1601
378,Medio bajo,9,5,148500.0,Estrato_Socioeconómico,1602
379,Medio bajo,9,6,119623.0,Estrato_Socioeconómico,1603
380,Medio bajo,9,7,371050.0,Estrato_Socioeconómico,1604
381,Medio bajo,9,8,183856.0,Estrato_Socioeconómico,1605
382,Medio bajo,9,9,32254.0,Estrato_Socioeconómico,1606
383,Medio bajo,9,10,1563.0,Estrato_Socioeconómico,1607
384,Medio bajo,10,1,51295.0,Estrato_Socioeconómico,1608
385,Medio bajo,10,2,16324.0,Estrato_Socioeconómico,1609
386,Medio bajo,10,3,38686.0,Estrato_Socioeconómico,1610
387,Medio bajo,10,4,50806.0,Estrato_Socioeconómico,1611
388,Medio bajo,10,5,162986.0,Estrato_Socioeconómico,1612
389,Medio bajo,10,6,63155.0,Estrato_Socioeconómico,1613
390,Medio bajo,10,7,92732.0,Estrato_Socioeconómico,1614
391,Medio bajo,10,8,140309.0,Estrato_Socioeconómico,1615
392,Medio bajo,10,9,63168.0,Estrato_Socioeconómico,1616
393,Medio bajo,10,10,55389.0,Estrato_Socioeconómico,1617
0,1,1,1,25440.0,Color Piel,1618
1,1,1,2,10147.0,Color Piel,1619
2,1,1,3,4735.0,Color Piel,1620
3,1,1,4,4819.0,Color Piel,1621
4,1,1,5,2459.0,Color Piel,1622
5,1,1,6,10058.0,Color Piel,1623
6,1,2,2,820.0,Color Piel,1624
7,1,2,3,1137.0,Color Piel,1625
8,1,2,4,466.0,Color Piel,1626
9,1,2,5,1853.0,Color Piel,1627
10,1,2,7,1988.0,Color Piel,1628
11,1,3,5,2562.0,Color Piel,1629
12,1,4,1,4190.0,Color Piel,1630
13,1,4,4,207.0,Color Piel,1631
14,1,4,6,1828.0,Color Piel,1632
15,1,5,1,5150.0,Color Piel,1633
16,1,5,4,1125.0,Color Piel,1634
17,1,5,5,5861.0,Color Piel,1635
18,1,5,6,5390.0,Color Piel,1636
19,1,5,10,2243.0,Color Piel,1637
20,1,6,6,1298.0,Color Piel,1638
21,1,7,4,449.0,Color Piel,1639
22,1,8,5,2917.0,Color Piel,1640
23,1,8,6,826.0,Color Piel,1641
24,1,8,8,529.0,Color Piel,1642
25,1,9,6,3027.0,Color Piel,1643
26,1,10,1,656.0,Color Piel,1644
27,2,1,1,70248.0,Color Piel,1645
28,2,1,2,24968.0,Color Piel,1646
29,2,1,3,18109.0,Color Piel,1647
30,2,1,4,5967.0,Color Piel,1648
31,2,1,5,24507.0,Color Piel,1649
32,2,1,10,721.0,Color Piel,1650
33,2,2,1,5519.0,Color Piel,1651
34,2,2,2,14297.0,Color Piel,1652
35,2,2,4,20371.0,Color Piel,1653
36,2,2,5,7587.0,Color Piel,1654
37,2,2,7,1379.0,Color Piel,1655
38,2,3,1,1294.0,Color Piel,1656
39,2,3,2,773.0,Color Piel,1657
40,2,3,3,4515.0,Color Piel,1658
41,2,3,4,5102.0,Color Piel,1659
42,2,3,5,12516.0,Color Piel,1660
43,2,3,6,5228.0,Color Piel,1661
44,2,3,8,1166.0,Color Piel,1662
45,2,4,4,12176.0,Color Piel,1663
46,2,4,5,2495.0,Color Piel,1664
47,2,4,6,4409.0,Color Piel,1665
48,2,4,7,2075.0,Color Piel,1666
49,2,5,3,8105.0,Color Piel,1667
50,2,5,4,1263.0,Color Piel,1668
51,2,5,5,8840.0,Color Piel,1669
52,2,5,7,2192.0,Color Piel,1670
53,2,6,2,6581.0,Color Piel,1671
54,2,6,3,7691.0,Color Piel,1672
55,2,6,4,2469.0,Color Piel,1673
56,2,6,5,2704.0,Color Piel,1674
57,2,6,6,3069.0,Color Piel,1675
58,2,6,9,917.0,Color Piel,1676
59,2,7,5,2239.0,Color Piel,1677
60,2,7,6,684.0,Color Piel,1678
61,2,7,7,2347.0,Color Piel,1679
62,2,8,4,1789.0,Color Piel,1680
63,2,8,5,1572.0,Color Piel,1681
64,2,8,6,8490.0,Color Piel,1682
65,2,8,7,20611.0,Color Piel,1683
66,2,9,5,769.0,Color Piel,1684
67,2,9,7,1716.0,Color Piel,1685
68,2,9,8,2714.0,Color Piel,1686
69,2,10,1,2173.0,Color Piel,1687
70,2,10,7,3300.0,Color Piel,1688
71,3,1,1,47434.0,Color Piel,1689
72,3,1,2,41618.0,Color Piel,1690
73,3,1,3,25860.0,Color Piel,1691
74,3,1,4,25715.0,Color Piel,1692
75,3,1,5,20437.0,Color Piel,1693
76,3,1,6,3169.0,Color Piel,1694
77,3,2,1,5202.0,Color Piel,1695
78,3,2,2,11565.0,Color Piel,1696
79,3,2,3,6729.0,Color Piel,1697
80,3,2,4,37035.0,Color Piel,1698
81,3,2,5,23648.0,Color Piel,1699
82,3,2,6,3380.0,Color Piel,1700
83,3,2,8,917.0,Color Piel,1701
84,3,3,1,14246.0,Color Piel,1702
85,3,3,2,5713.0,Color Piel,1703
86,3,3,3,14288.0,Color Piel,1704
87,3,3,4,6360.0,Color Piel,1705
88,3,3,5,57079.0,Color Piel,1706
89,3,3,6,13807.0,Color Piel,1707
90,3,3,7,1947.0,Color Piel,1708
91,3,4,3,2226.0,Color Piel,1709
92,3,4,4,22365.0,Color Piel,1710
93,3,4,5,7648.0,Color Piel,1711
94,3,4,6,8859.0,Color Piel,1712
95,3,4,7,28000.0,Color Piel,1713
96,3,4,8,5981.0,Color Piel,1714
97,3,4,9,355.0,Color Piel,1715
98,3,5,1,1958.0,Color Piel,1716
99,3,5,2,4914.0,Color Piel,1717
100,3,5,3,5267.0,Color Piel,1718
101,3,5,4,1233.0,Color Piel,1719
102,3,5,5,17358.0,Color Piel,1720
103,3,5,6,6805.0,Color Piel,1721
104,3,5,7,6813.0,Color Piel,1722
105,3,5,8,3539.0,Color Piel,1723
106,3,5,9,1058.0,Color Piel,1724
107,3,6,1,11910.0,Color Piel,1725
108,3,6,2,3546.0,Color Piel,1726
109,3,6,4,1711.0,Color Piel,1727
110,3,6,5,22982.0,Color Piel,1728
111,3,6,6,7266.0,Color Piel,1729
112,3,6,7,12351.0,Color Piel,1730
113,3,6,8,5954.0,Color Piel,1731
114,3,7,1,5086.0,Color Piel,1732
115,3,7,3,4035.0,Color Piel,1733
116,3,7,4,7564.0,Color Piel,1734
117,3,7,5,11524.0,Color Piel,1735
118,3,7,6,1015.0,Color Piel,1736
119,3,7,8,2177.0,Color Piel,1737
120,3,8,1,5441.0,Color Piel,1738
121,3,8,2,3260.0,Color Piel,1739
122,3,8,5,13165.0,Color Piel,1740
123,3,8,6,4555.0,Color Piel,1741
124,3,8,7,11525.0,Color Piel,1742
125,3,8,8,8092.0,Color Piel,1743
126,3,8,9,389.0,Color Piel,1744
127,3,9,2,2533.0,Color Piel,1745
128,3,9,7,1322.0,Color Piel,1746
129,3,10,1,569.0,Color Piel,1747
130,3,10,7,3076.0,Color Piel,1748
131,3,10,9,5658.0,Color Piel,1749
132,4,1,1,153968.0,Color Piel,1750
133,4,1,2,157747.0,Color Piel,1751
134,4,1,3,91213.0,Color Piel,1752
135,4,1,4,39109.0,Color Piel,1753
136,4,1,5,54935.0,Color Piel,1754
137,4,1,6,23546.0,Color Piel,1755
138,4,1,7,2981.0,Color Piel,1756
139,4,1,8,2565.0,Color Piel,1757
140,4,2,1,16119.0,Color Piel,1758
141,4,2,2,35082.0,Color Piel,1759
142,4,2,3,70188.0,Color Piel,1760
143,4,2,4,64969.0,Color Piel,1761
144,4,2,5,69194.0,Color Piel,1762
145,4,2,6,29384.0,Color Piel,1763
146,4,2,7,7284.0,Color Piel,1764
147,4,2,8,1184.0,Color Piel,1765
148,4,3,1,13104.0,Color Piel,1766
149,4,3,2,22410.0,Color Piel,1767
150,4,3,3,30051.0,Color Piel,1768
151,4,3,4,14429.0,Color Piel,1769
152,4,3,5,103560.0,Color Piel,1770
153,4,3,6,30044.0,Color Piel,1771
154,4,3,7,22457.0,Color Piel,1772
155,4,3,8,13725.0,Color Piel,1773
156,4,3,10,1047.0,Color Piel,1774
157,4,4,1,4421.0,Color Piel,1775
158,4,4,2,1076.0,Color Piel,1776
159,4,4,3,7308.0,Color Piel,1777
160,4,4,4,19104.0,Color Piel,1778
161,4,4,5,92656.0,Color Piel,1779
162,4,4,6,45720.0,Color Piel,1780
163,4,4,7,41755.0,Color Piel,1781
164,4,4,8,18933.0,Color Piel,1782
165,4,5,1,10272.0,Color Piel,1783
166,4,5,2,3656.0,Color Piel,1784
167,4,5,3,12702.0,Color Piel,1785
168,4,5,4,13242.0,Color Piel,1786
169,4,5,5,55734.0,Color Piel,1787
170,4,5,6,15229.0,Color Piel,1788
171,4,5,7,44911.0,Color Piel,1789
172,4,5,8,8424.0,Color Piel,1790
173,4,5,9,15090.0,Color Piel,1791
174,4,6,1,3593.0,Color Piel,1792
175,4,6,2,548.0,Color Piel,1793
176,4,6,3,1978.0,Color Piel,1794
177,4,6,4,8390.0,Color Piel,1795
178,4,6,5,29084.0,Color Piel,1796
179,4,6,6,20206.0,Color Piel,1797
180,4,6,7,7837.0,Color Piel,1798
181,4,6,8,10557.0,Color Piel,1799
182,4,6,9,326.0,Color Piel,1800
183,4,7,1,352.0,Color Piel,1801
184,4,7,2,4954.0,Color Piel,1802
185,4,7,3,5366.0,Color Piel,1803
186,4,7,4,10603.0,Color Piel,1804
187,4,7,5,13045.0,Color Piel,1805
188,4,7,6,11827.0,Color Piel,1806
189,4,7,7,27634.0,Color Piel,1807
190,4,7,8,15915.0,Color Piel,1808
191,4,7,10,6170.0,Color Piel,1809
192,4,8,1,1860.0,Color Piel,1810
193,4,8,3,5238.0,Color Piel,1811
194,4,8,4,4137.0,Color Piel,1812
195,4,8,5,39313.0,Color Piel,1813
196,4,8,6,7460.0,Color Piel,1814
197,4,8,7,16881.0,Color Piel,1815
198,4,8,8,29782.0,Color Piel,1816
199,4,9,2,2045.0,Color Piel,1817
200,4,9,3,1115.0,Color Piel,1818
201,4,9,4,4029.0,Color Piel,1819
202,4,9,5,16409.0,Color Piel,1820
203,4,9,6,7496.0,Color Piel,1821
204,4,9,7,5509.0,Color Piel,1822
205,4,9,8,1971.0,Color Piel,1823
206,4,9,9,2148.0,Color Piel,1824
207,4,9,10,1056.0,Color Piel,1825
208,4,10,1,6003.0,Color Piel,1826
209,4,10,2,4364.0,Color Piel,1827
210,4,10,3,888.0,Color Piel,1828
211,4,10,4,3107.0,Color Piel,1829
212,4,10,5,6616.0,Color Piel,1830
213,4,10,7,2121.0,Color Piel,1831
214,4,10,8,7086.0,Color Piel,1832
215,4,10,10,1094.0,Color Piel,1833
216,5,1,1,102490.0,Color Piel,1834
217,5,1,2,81232.0,Color Piel,1835
218,5,1,3,53892.0,Color Piel,1836
219,5,1,4,34818.0,Color Piel,1837
220,5,1,5,65273.0,Color Piel,1838
221,5,1,6,11091.0,Color Piel,1839
222,5,1,7,5902.0,Color Piel,1840
223,5,1,8,481.0,Color Piel,1841
224,5,1,9,1053.0,Color Piel,1842
225,5,2,1,20132.0,Color Piel,1843
226,5,2,2,51122.0,Color Piel,1844
227,5,2,3,30264.0,Color Piel,1845
228,5,2,4,66357.0,Color Piel,1846
229,5,2,5,38085.0,Color Piel,1847
230,5,2,6,9479.0,Color Piel,1848
231,5,2,7,6349.0,Color Piel,1849
232,5,2,8,570.0,Color Piel,1850
233,5,2,10,2540.0,Color Piel,1851
234,5,3,1,10948.0,Color Piel,1852
235,5,3,2,4290.0,Color Piel,1853
236,5,3,3,33625.0,Color Piel,1854
237,5,3,4,53372.0,Color Piel,1855
238,5,3,5,58845.0,Color Piel,1856
239,5,3,6,23333.0,Color Piel,1857
240,5,3,7,14225.0,Color Piel,1858
241,5,3,8,19502.0,Color Piel,1859
242,5,4,1,4600.0,Color Piel,1860
243,5,4,2,4903.0,Color Piel,1861
244,5,4,3,11985.0,Color Piel,1862
245,5,4,4,38738.0,Color Piel,1863
246,5,4,5,45910.0,Color Piel,1864
247,5,4,6,34976.0,Color Piel,1865
248,5,4,7,15777.0,Color Piel,1866
249,5,4,8,25285.0,Color Piel,1867
250,5,5,1,9366.0,Color Piel,1868
251,5,5,2,7107.0,Color Piel,1869
252,5,5,3,6024.0,Color Piel,1870
253,5,5,4,37690.0,Color Piel,1871
254,5,5,5,101228.0,Color Piel,1872
255,5,5,6,44783.0,Color Piel,1873
256,5,5,7,53728.0,Color Piel,1874
257,5,5,8,13233.0,Color Piel,1875
258,5,5,9,3960.0,Color Piel,1876
259,5,5,10,7216.0,Color Piel,1877
260,5,6,1,496.0,Color Piel,1878
261,5,6,2,1404.0,Color Piel,1879
262,5,6,3,10336.0,Color Piel,1880
263,5,6,4,8699.0,Color Piel,1881
264,5,6,5,23589.0,Color Piel,1882
265,5,6,6,38711.0,Color Piel,1883
266,5,6,7,66616.0,Color Piel,1884
267,5,6,8,44476.0,Color Piel,1885
268,5,7,2,1062.0,Color Piel,1886
269,5,7,3,6042.0,Color Piel,1887
270,5,7,4,784.0,Color Piel,1888
271,5,7,5,24656.0,Color Piel,1889
272,5,7,6,3257.0,Color Piel,1890
273,5,7,7,40393.0,Color Piel,1891
274,5,7,8,13811.0,Color Piel,1892
275,5,7,9,3812.0,Color Piel,1893
276,5,8,1,1694.0,Color Piel,1894
277,5,8,3,5233.0,Color Piel,1895
278,5,8,4,994.0,Color Piel,1896
279,5,8,5,1935.0,Color Piel,1897
280,5,8,6,18935.0,Color Piel,1898
281,5,8,7,33235.0,Color Piel,1899
282,5,8,8,25670.0,Color Piel,1900
283,5,9,3,1566.0,Color Piel,1901
284,5,9,5,9806.0,Color Piel,1902
285,5,9,7,1503.0,Color Piel,1903
286,5,9,9,694.0,Color Piel,1904
287,5,10,1,2963.0,Color Piel,1905
288,5,10,2,1343.0,Color Piel,1906
289,5,10,3,1065.0,Color Piel,1907
290,5,10,4,2118.0,Color Piel,1908
291,5,10,5,14122.0,Color Piel,1909
292,5,10,6,4940.0,Color Piel,1910
293,5,10,7,2782.0,Color Piel,1911
294,5,10,8,9601.0,Color Piel,1912
295,5,10,10,4853.0,Color Piel,1913
296,6,1,1,527723.0,Color Piel,1914
297,6,1,2,396097.0,Color Piel,1915
298,6,1,3,383137.0,Color Piel,1916
299,6,1,4,174626.0,Color Piel,1917
300,6,1,5,260516.0,Color Piel,1918
301,6,1,6,37545.0,Color Piel,1919
302,6,1,7,20288.0,Color Piel,1920
303,6,1,8,11781.0,Color Piel,1921
304,6,1,9,1645.0,Color Piel,1922
305,6,1,10,13138.0,Color Piel,1923
306,6,2,1,66868.0,Color Piel,1924
307,6,2,2,107553.0,Color Piel,1925
308,6,2,3,178665.0,Color Piel,1926
309,6,2,4,284923.0,Color Piel,1927
310,6,2,5,394818.0,Color Piel,1928
311,6,2,6,104299.0,Color Piel,1929
312,6,2,7,31330.0,Color Piel,1930
313,6,2,8,9347.0,Color Piel,1931
314,6,2,9,2690.0,Color Piel,1932
315,6,3,1,17082.0,Color Piel,1933
316,6,3,2,63990.0,Color Piel,1934
317,6,3,3,162074.0,Color Piel,1935
318,6,3,4,134565.0,Color Piel,1936
319,6,3,5,448980.0,Color Piel,1937
320,6,3,6,150821.0,Color Piel,1938
321,6,3,7,77478.0,Color Piel,1939
322,6,3,8,19066.0,Color Piel,1940
323,6,3,10,4148.0,Color Piel,1941
324,6,4,1,15208.0,Color Piel,1942
325,6,4,2,18197.0,Color Piel,1943
326,6,4,3,27045.0,Color Piel,1944
327,6,4,4,130282.0,Color Piel,1945
328,6,4,5,237227.0,Color Piel,1946
329,6,4,6,254300.0,Color Piel,1947
330,6,4,7,123740.0,Color Piel,1948
331,6,4,8,44585.0,Color Piel,1949
332,6,5,1,58400.0,Color Piel,1950
333,6,5,2,32978.0,Color Piel,1951
334,6,5,3,57422.0,Color Piel,1952
335,6,5,4,54760.0,Color Piel,1953
336,6,5,5,374213.0,Color Piel,1954
337,6,5,6,211876.0,Color Piel,1955
338,6,5,7,192730.0,Color Piel,1956
339,6,5,8,81379.0,Color Piel,1957
340,6,5,9,6049.0,Color Piel,1958
341,6,5,10,613.0,Color Piel,1959
342,6,6,1,11695.0,Color Piel,1960
343,6,6,2,14652.0,Color Piel,1961
344,6,6,3,39615.0,Color Piel,1962
345,6,6,4,83824.0,Color Piel,1963
346,6,6,5,94928.0,Color Piel,1964
347,6,6,6,145256.0,Color Piel,1965
348,6,6,7,124442.0,Color Piel,1966
349,6,6,8,78428.0,Color Piel,1967
350,6,6,9,4080.0,Color Piel,1968
351,6,6,10,10194.0,Color Piel,1969
352,6,7,1,624.0,Color Piel,1970
353,6,7,2,14872.0,Color Piel,1971
354,6,7,3,12852.0,Color Piel,1972
355,6,7,4,80372.0,Color Piel,1973
356,6,7,5,78352.0,Color Piel,1974
357,6,7,6,64139.0,Color Piel,1975
358,6,7,7,87588.0,Color Piel,1976
359,6,7,8,66341.0,Color Piel,1977
360,6,7,9,3537.0,Color Piel,1978
361,6,7,10,4416.0,Color Piel,1979
362,6,8,1,14180.0,Color Piel,1980
363,6,8,2,14864.0,Color Piel,1981
364,6,8,3,41558.0,Color Piel,1982
365,6,8,4,33905.0,Color Piel,1983
366,6,8,5,177667.0,Color Piel,1984
367,6,8,6,132026.0,Color Piel,1985
368,6,8,7,92895.0,Color Piel,1986
369,6,8,8,107056.0,Color Piel,1987
370,6,8,9,6933.0,Color Piel,1988
371,6,8,10,8056.0,Color Piel,1989
372,6,9,1,3845.0,Color Piel,1990
373,6,9,2,5255.0,Color Piel,1991
374,6,9,3,13624.0,Color Piel,1992
375,6,9,4,16456.0,Color Piel,1993
376,6,9,5,32760.0,Color Piel,1994
377,6,9,6,42215.0,Color Piel,1995
378,6,9,7,66915.0,Color Piel,1996
379,6,9,8,37869.0,Color Piel,1997
380,6,9,9,17672.0,Color Piel,1998
381,6,9,10,1945.0,Color Piel,1999
382,6,10,1,20100.0,Color Piel,2000
383,6,10,2,2192.0,Color Piel,2001
384,6,10,3,4690.0,Color Piel,2002
385,6,10,4,10820.0,Color Piel,2003
386,6,10,5,23768.0,Color Piel,2004
387,6,10,6,8107.0,Color Piel,2005
388,6,10,7,16957.0,Color Piel,2006
389,6,10,8,26306.0,Color Piel,2007
390,6,10,9,17952.0,Color Piel,2008
391,6,10,10,14580.0,Color Piel,2009
392,7,1,1,882025.0,Color Piel,2010
393,7,1,2,648540.0,Color Piel,2011
394,7,1,3,721559.0,Color Piel,2012
395,7,1,4,504674.0,Color Piel,2013
396,7,1,5,511757.0,Color Piel,2014
397,7,1,6,162353.0,Color Piel,2015
398,7,1,7,62251.0,Color Piel,2016
399,7,1,8,36350.0,Color Piel,2017
400,7,1,9,11227.0,Color Piel,2018
401,7,1,10,22277.0,Color Piel,2019
402,7,2,1,128371.0,Color Piel,2020
403,7,2,2,256488.0,Color Piel,2021
404,7,2,3,371772.0,Color Piel,2022
405,7,2,4,651300.0,Color Piel,2023
406,7,2,5,735861.0,Color Piel,2024
407,7,2,6,238734.0,Color Piel,2025
408,7,2,7,131614.0,Color Piel,2026
409,7,2,8,24207.0,Color Piel,2027
410,7,2,9,9791.0,Color Piel,2028
411,7,3,1,83717.0,Color Piel,2029
412,7,3,2,73789.0,Color Piel,2030
413,7,3,3,219525.0,Color Piel,2031
414,7,3,4,437081.0,Color Piel,2032
415,7,3,5,1185312.0,Color Piel,2033
416,7,3,6,411034.0,Color Piel,2034
417,7,3,7,181518.0,Color Piel,2035
418,7,3,8,94671.0,Color Piel,2036
419,7,3,9,13036.0,Color Piel,2037
420,7,3,10,8369.0,Color Piel,2038
421,7,4,1,39618.0,Color Piel,2039
422,7,4,2,56559.0,Color Piel,2040
423,7,4,3,64960.0,Color Piel,2041
424,7,4,4,338442.0,Color Piel,2042
425,7,4,5,597864.0,Color Piel,2043
426,7,4,6,584261.0,Color Piel,2044
427,7,4,7,313875.0,Color Piel,2045
428,7,4,8,155081.0,Color Piel,2046
429,7,4,9,5733.0,Color Piel,2047
430,7,4,10,3146.0,Color Piel,2048
431,7,5,1,92974.0,Color Piel,2049
432,7,5,2,54684.0,Color Piel,2050
433,7,5,3,148628.0,Color Piel,2051
434,7,5,4,188732.0,Color Piel,2052
435,7,5,5,748842.0,Color Piel,2053
436,7,5,6,354640.0,Color Piel,2054
437,7,5,7,719197.0,Color Piel,2055
438,7,5,8,205828.0,Color Piel,2056
439,7,5,9,4255.0,Color Piel,2057
440,7,5,10,11380.0,Color Piel,2058
441,7,6,1,39554.0,Color Piel,2059
442,7,6,2,47329.0,Color Piel,2060
443,7,6,3,87777.0,Color Piel,2061
444,7,6,4,173845.0,Color Piel,2062
445,7,6,5,149477.0,Color Piel,2063
446,7,6,6,350797.0,Color Piel,2064
447,7,6,7,269443.0,Color Piel,2065
448,7,6,8,306741.0,Color Piel,2066
449,7,6,9,28263.0,Color Piel,2067
450,7,6,10,3995.0,Color Piel,2068
451,7,7,1,21780.0,Color Piel,2069
452,7,7,2,11806.0,Color Piel,2070
453,7,7,3,51777.0,Color Piel,2071
454,7,7,4,109607.0,Color Piel,2072
455,7,7,5,301122.0,Color Piel,2073
456,7,7,6,181404.0,Color Piel,2074
457,7,7,7,412975.0,Color Piel,2075
458,7,7,8,155791.0,Color Piel,2076
459,7,7,9,22697.0,Color Piel,2077
460,7,7,10,12361.0,Color Piel,2078
461,7,8,1,35855.0,Color Piel,2079
462,7,8,2,46131.0,Color Piel,2080
463,7,8,3,44058.0,Color Piel,2081
464,7,8,4,93042.0,Color Piel,2082
465,7,8,5,321035.0,Color Piel,2083
466,7,8,6,266105.0,Color Piel,2084
467,7,8,7,235317.0,Color Piel,2085
468,7,8,8,255623.0,Color Piel,2086
469,7,8,9,30500.0,Color Piel,2087
470,7,8,10,2343.0,Color Piel,2088
471,7,9,1,8743.0,Color Piel,2089
472,7,9,2,17340.0,Color Piel,2090
473,7,9,3,8270.0,Color Piel,2091
474,7,9,4,47827.0,Color Piel,2092
475,7,9,5,73730.0,Color Piel,2093
476,7,9,6,57933.0,Color Piel,2094
477,7,9,7,193416.0,Color Piel,2095
478,7,9,8,128131.0,Color Piel,2096
479,7,9,9,13204.0,Color Piel,2097
480,7,9,10,3353.0,Color Piel,2098
481,7,10,1,25064.0,Color Piel,2099
482,7,10,2,14815.0,Color Piel,2100
483,7,10,3,19376.0,Color Piel,2101
484,7,10,4,23064.0,Color Piel,2102
485,7,10,5,82943.0,Color Piel,2103
486,7,10,6,54557.0,Color Piel,2104
487,7,10,7,61391.0,Color Piel,2105
488,7,10,8,71845.0,Color Piel,2106
489,7,10,9,30811.0,Color Piel,2107
490,7,10,10,43301.0,Color Piel,2108
491,8,1,1,762015.0,Color Piel,2109
492,8,1,2,479960.0,Color Piel,2110
493,8,1,3,677884.0,Color Piel,2111
494,8,1,4,375104.0,Color Piel,2112
495,8,1,5,592129.0,Color Piel,2113
496,8,1,6,120193.0,Color Piel,2114
497,8,1,7,82311.0,Color Piel,2115
498,8,1,8,49595.0,Color Piel,2116
499,8,1,9,7708.0,Color Piel,2117
500,8,1,10,18255.0,Color Piel,2118
501,8,2,1,82434.0,Color Piel,2119
502,8,2,2,224338.0,Color Piel,2120
503,8,2,3,408634.0,Color Piel,2121
504,8,2,4,685814.0,Color Piel,2122
505,8,2,5,770846.0,Color Piel,2123
506,8,2,6,295192.0,Color Piel,2124
507,8,2,7,71300.0,Color Piel,2125
508,8,2,8,57279.0,Color Piel,2126
509,8,2,9,18118.0,Color Piel,2127
510,8,2,10,7745.0,Color Piel,2128
511,8,3,1,52100.0,Color Piel,2129
512,8,3,2,95175.0,Color Piel,2130
513,8,3,3,300465.0,Color Piel,2131
514,8,3,4,455390.0,Color Piel,2132
515,8,3,5,1518673.0,Color Piel,2133
516,8,3,6,464059.0,Color Piel,2134
517,8,3,7,347526.0,Color Piel,2135
518,8,3,8,68751.0,Color Piel,2136
519,8,3,9,12598.0,Color Piel,2137
520,8,3,10,2503.0,Color Piel,2138
521,8,4,1,104824.0,Color Piel,2139
522,8,4,2,71995.0,Color Piel,2140
523,8,4,3,107067.0,Color Piel,2141
524,8,4,4,332250.0,Color Piel,2142
525,8,4,5,831190.0,Color Piel,2143
526,8,4,6,651735.0,Color Piel,2144
527,8,4,7,483339.0,Color Piel,2145
528,8,4,8,117824.0,Color Piel,2146
529,8,4,9,9027.0,Color Piel,2147
530,8,4,10,12194.0,Color Piel,2148
531,8,5,1,70386.0,Color Piel,2149
532,8,5,2,57287.0,Color Piel,2150
533,8,5,3,172957.0,Color Piel,2151
534,8,5,4,225558.0,Color Piel,2152
535,8,5,5,1192520.0,Color Piel,2153
536,8,5,6,487008.0,Color Piel,2154
537,8,5,7,795994.0,Color Piel,2155
538,8,5,8,384182.0,Color Piel,2156
539,8,5,9,27194.0,Color Piel,2157
540,8,5,10,18075.0,Color Piel,2158
541,8,6,1,26270.0,Color Piel,2159
542,8,6,2,18705.0,Color Piel,2160
543,8,6,3,105689.0,Color Piel,2161
544,8,6,4,245116.0,Color Piel,2162
545,8,6,5,305591.0,Color Piel,2163
546,8,6,6,567994.0,Color Piel,2164
547,8,6,7,454592.0,Color Piel,2165
548,8,6,8,423854.0,Color Piel,2166
549,8,6,9,13531.0,Color Piel,2167
550,8,6,10,27284.0,Color Piel,2168
551,8,7,1,28897.0,Color Piel,2169
552,8,7,2,38184.0,Color Piel,2170
553,8,7,3,42858.0,Color Piel,2171
554,8,7,4,182724.0,Color Piel,2172
555,8,7,5,519054.0,Color Piel,2173
556,8,7,6,327063.0,Color Piel,2174
557,8,7,7,570208.0,Color Piel,2175
558,8,7,8,330964.0,Color Piel,2176
559,8,7,9,45875.0,Color Piel,2177
560,8,7,10,10333.0,Color Piel,2178
561,8,8,1,33732.0,Color Piel,2179
562,8,8,2,43026.0,Color Piel,2180
563,8,8,3,44233.0,Color Piel,2181
564,8,8,4,159818.0,Color Piel,2182
565,8,8,5,504301.0,Color Piel,2183
566,8,8,6,342521.0,Color Piel,2184
567,8,8,7,429550.0,Color Piel,2185
568,8,8,8,469359.0,Color Piel,2186
569,8,8,9,54287.0,Color Piel,2187
570,8,8,10,38510.0,Color Piel,2188
571,8,9,1,22463.0,Color Piel,2189
572,8,9,2,13051.0,Color Piel,2190
573,8,9,3,10112.0,Color Piel,2191
574,8,9,4,35260.0,Color Piel,2192
575,8,9,5,115466.0,Color Piel,2193
576,8,9,6,122902.0,Color Piel,2194
577,8,9,7,287875.0,Color Piel,2195
578,8,9,8,197340.0,Color Piel,2196
579,8,9,9,54224.0,Color Piel,2197
580,8,9,10,4518.0,Color Piel,2198
581,8,10,1,26751.0,Color Piel,2199
582,8,10,2,6730.0,Color Piel,2200
583,8,10,3,33843.0,Color Piel,2201
584,8,10,4,35556.0,Color Piel,2202
585,8,10,5,110879.0,Color Piel,2203
586,8,10,6,76425.0,Color Piel,2204
587,8,10,7,78119.0,Color Piel,2205
588,8,10,8,125909.0,Color Piel,2206
589,8,10,9,31146.0,Color Piel,2207
590,8,10,10,56828.0,Color Piel,2208
591,9,1,1,146379.0,Color Piel,2209
592,9,1,2,87884.0,Color Piel,2210
593,9,1,3,157474.0,Color Piel,2211
594,9,1,4,76880.0,Color Piel,2212
595,9,1,5,67299.0,Color Piel,2213
596,9,1,6,11142.0,Color Piel,2214
597,9,1,7,4176.0,Color Piel,2215
598,9,1,8,2932.0,Color Piel,2216
599,9,1,9,9903.0,Color Piel,2217
600,9,2,1,11465.0,Color Piel,2218
601,9,2,2,21969.0,Color Piel,2219
602,9,2,3,50693.0,Color Piel,2220
603,9,2,4,75853.0,Color Piel,2221
604,9,2,5,102418.0,Color Piel,2222
605,9,2,6,23375.0,Color Piel,2223
606,9,2,7,24443.0,Color Piel,2224
607,9,2,8,2013.0,Color Piel,2225
608,9,2,10,988.0,Color Piel,2226
609,9,3,1,4273.0,Color Piel,2227
610,9,3,2,14579.0,Color Piel,2228
611,9,3,3,51328.0,Color Piel,2229
612,9,3,4,56725.0,Color Piel,2230
613,9,3,5,191375.0,Color Piel,2231
614,9,3,6,55177.0,Color Piel,2232
615,9,3,7,41184.0,Color Piel,2233
616,9,3,8,8603.0,Color Piel,2234
617,9,3,9,529.0,Color Piel,2235
618,9,4,1,3014.0,Color Piel,2236
619,9,4,2,690.0,Color Piel,2237
620,9,4,3,9223.0,Color Piel,2238
621,9,4,4,34775.0,Color Piel,2239
622,9,4,5,100543.0,Color Piel,2240
623,9,4,6,89297.0,Color Piel,2241
624,9,4,7,79929.0,Color Piel,2242
625,9,4,8,28908.0,Color Piel,2243
626,9,4,9,835.0,Color Piel,2244
627,9,4,10,1383.0,Color Piel,2245
628,9,5,1,24731.0,Color Piel,2246
629,9,5,2,8919.0,Color Piel,2247
630,9,5,3,35891.0,Color Piel,2248
631,9,5,4,20668.0,Color Piel,2249
632,9,5,5,132817.0,Color Piel,2250
633,9,5,6,52653.0,Color Piel,2251
634,9,5,7,79097.0,Color Piel,2252
635,9,5,8,52246.0,Color Piel,2253
636,9,5,10,7561.0,Color Piel,2254
637,9,6,1,1770.0,Color Piel,2255
638,9,6,2,8264.0,Color Piel,2256
639,9,6,3,26859.0,Color Piel,2257
640,9,6,4,35416.0,Color Piel,2258
641,9,6,5,42904.0,Color Piel,2259
642,9,6,6,64687.0,Color Piel,2260
643,9,6,7,41570.0,Color Piel,2261
644,9,6,8,48294.0,Color Piel,2262
645,9,6,9,1652.0,Color Piel,2263
646,9,7,2,4014.0,Color Piel,2264
647,9,7,3,1837.0,Color Piel,2265
648,9,7,4,16878.0,Color Piel,2266
649,9,7,5,114355.0,Color Piel,2267
650,9,7,6,44377.0,Color Piel,2268
651,9,7,7,60439.0,Color Piel,2269
652,9,7,8,67082.0,Color Piel,2270
653,9,7,9,12731.0,Color Piel,2271
654,9,8,1,7273.0,Color Piel,2272
655,9,8,2,1984.0,Color Piel,2273
656,9,8,3,5731.0,Color Piel,2274
657,9,8,4,9892.0,Color Piel,2275
658,9,8,5,71268.0,Color Piel,2276
659,9,8,6,65546.0,Color Piel,2277
660,9,8,7,62471.0,Color Piel,2278
661,9,8,8,68331.0,Color Piel,2279
662,9,8,9,1545.0,Color Piel,2280
663,9,8,10,14754.0,Color Piel,2281
664,9,9,2,9134.0,Color Piel,2282
665,9,9,4,7081.0,Color Piel,2283
666,9,9,5,18347.0,Color Piel,2284
667,9,9,6,12680.0,Color Piel,2285
668,9,9,7,43139.0,Color Piel,2286
669,9,9,8,36383.0,Color Piel,2287
670,9,9,9,2316.0,Color Piel,2288
671,9,10,1,582.0,Color Piel,2289
672,9,10,3,3520.0,Color Piel,2290
673,9,10,4,838.0,Color Piel,2291
674,9,10,5,26797.0,Color Piel,2292
675,9,10,6,7639.0,Color Piel,2293
676,9,10,7,21341.0,Color Piel,2294
677,9,10,8,15153.0,Color Piel,2295
678,9,10,9,5014.0,Color Piel,2296
679,9,10,10,17654.0,Color Piel,2297
680,10,1,1,109612.0,Color Piel,2298
681,10,1,2,55654.0,Color Piel,2299
682,10,1,3,109596.0,Color Piel,2300
683,10,1,4,51380.0,Color Piel,2301
684,10,1,5,96720.0,Color Piel,2302
685,10,1,6,27218.0,Color Piel,2303
686,10,1,7,20664.0,Color Piel,2304
687,10,1,8,18973.0,Color Piel,2305
688,10,1,10,8836.0,Color Piel,2306
689,10,2,1,29812.0,Color Piel,2307
690,10,2,2,18979.0,Color Piel,2308
691,10,2,3,34311.0,Color Piel,2309
692,10,2,4,65125.0,Color Piel,2310
693,10,2,5,103235.0,Color Piel,2311
694,10,2,6,26981.0,Color Piel,2312
695,10,2,7,48327.0,Color Piel,2313
696,10,2,8,16665.0,Color Piel,2314
697,10,3,1,13535.0,Color Piel,2315
698,10,3,2,30535.0,Color Piel,2316
699,10,3,3,28618.0,Color Piel,2317
700,10,3,4,60011.0,Color Piel,2318
701,10,3,5,171660.0,Color Piel,2319
702,10,3,6,60629.0,Color Piel,2320
703,10,3,7,11412.0,Color Piel,2321
704,10,3,8,4800.0,Color Piel,2322
705,10,3,9,3496.0,Color Piel,2323
706,10,4,1,2630.0,Color Piel,2324
707,10,4,2,17349.0,Color Piel,2325
708,10,4,3,22825.0,Color Piel,2326
709,10,4,4,19801.0,Color Piel,2327
710,10,4,5,78639.0,Color Piel,2328
711,10,4,6,101332.0,Color Piel,2329
712,10,4,7,51334.0,Color Piel,2330
713,10,4,8,25423.0,Color Piel,2331
714,10,4,9,2672.0,Color Piel,2332
715,10,4,10,934.0,Color Piel,2333
716,10,5,1,21354.0,Color Piel,2334
717,10,5,2,24480.0,Color Piel,2335
718,10,5,3,16197.0,Color Piel,2336
719,10,5,4,27168.0,Color Piel,2337
720,10,5,5,177189.0,Color Piel,2338
721,10,5,6,61209.0,Color Piel,2339
722,10,5,7,91957.0,Color Piel,2340
723,10,5,8,53394.0,Color Piel,2341
724,10,5,9,1825.0,Color Piel,2342
725,10,5,10,1024.0,Color Piel,2343
726,10,6,1,4771.0,Color Piel,2344
727,10,6,2,1753.0,Color Piel,2345
728,10,6,3,6200.0,Color Piel,2346
729,10,6,4,33143.0,Color Piel,2347
730,10,6,5,45422.0,Color Piel,2348
731,10,6,6,67851.0,Color Piel,2349
732,10,6,7,56355.0,Color Piel,2350
733,10,6,8,40327.0,Color Piel,2351
734,10,6,9,3800.0,Color Piel,2352
735,10,6,10,7345.0,Color Piel,2353
736,10,7,1,5823.0,Color Piel,2354
737,10,7,2,2833.0,Color Piel,2355
738,10,7,3,10176.0,Color Piel,2356
739,10,7,4,12708.0,Color Piel,2357
740,10,7,5,38263.0,Color Piel,2358
741,10,7,6,21039.0,Color Piel,2359
742,10,7,7,46868.0,Color Piel,2360
743,10,7,8,52429.0,Color Piel,2361
744,10,7,9,7298.0,Color Piel,2362
745,10,7,10,3586.0,Color Piel,2363
746,10,8,1,17708.0,Color Piel,2364
747,10,8,2,5152.0,Color Piel,2365
748,10,8,3,19301.0,Color Piel,2366
749,10,8,4,23397.0,Color Piel,2367
750,10,8,5,50367.0,Color Piel,2368
751,10,8,6,37752.0,Color Piel,2369
752,10,8,7,68958.0,Color Piel,2370
753,10,8,8,45131.0,Color Piel,2371
754,10,8,9,8066.0,Color Piel,2372
755,10,8,10,349.0,Color Piel,2373
756,10,9,2,5264.0,Color Piel,2374
757,10,9,3,177.0,Color Piel,2375
758,10,9,4,414.0,Color Piel,2376
759,10,9,5,24109.0,Color Piel,2377
760,10,9,6,41597.0,Color Piel,2378
761,10,9,7,39652.0,Color Piel,2379
762,10,9,8,35196.0,Color Piel,2380
763,10,9,9,3843.0,Color Piel,2381
764,10,10,1,4454.0,Color Piel,2382
765,10,10,2,2384.0,Color Piel,2383
766,10,10,4,11061.0,Color Piel,2384
767,10,10,5,33701.0,Color Piel,2385
768,10,10,6,21553.0,Color Piel,2386
769,10,10,7,18349.0,Color Piel,2387
770,10,10,8,14553.0,Color Piel,2388
771,10,10,9,5624.0,Color Piel,2389
772,10,10,10,6275.0,Color Piel,2390
773,11,1,1,36125.0,Color Piel,2391
774,11,1,2,39853.0,Color Piel,2392
775,11,1,3,31927.0,Color Piel,2393
776,11,1,4,51260.0,Color Piel,2394
777,11,1,5,32072.0,Color Piel,2395
778,11,1,6,8585.0,Color Piel,2396
779,11,1,7,2336.0,Color Piel,2397
780,11,1,8,9313.0,Color Piel,2398
781,11,1,10,6755.0,Color Piel,2399
782,11,2,1,3880.0,Color Piel,2400
783,11,2,2,23139.0,Color Piel,2401
784,11,2,3,23997.0,Color Piel,2402
785,11,2,4,25015.0,Color Piel,2403
786,11,2,5,44296.0,Color Piel,2404
787,11,2,6,28708.0,Color Piel,2405
788,11,2,7,1193.0,Color Piel,2406
789,11,2,8,2152.0,Color Piel,2407
790,11,2,9,3168.0,Color Piel,2408
791,11,3,1,10793.0,Color Piel,2409
792,11,3,2,8191.0,Color Piel,2410
793,11,3,3,16024.0,Color Piel,2411
794,11,3,4,15788.0,Color Piel,2412
795,11,3,5,65048.0,Color Piel,2413
796,11,3,6,31187.0,Color Piel,2414
797,11,3,7,19568.0,Color Piel,2415
798,11,3,8,5120.0,Color Piel,2416
799,11,3,9,1194.0,Color Piel,2417
800,11,3,10,2580.0,Color Piel,2418
801,11,4,1,6349.0,Color Piel,2419
802,11,4,2,7644.0,Color Piel,2420
803,11,4,3,3348.0,Color Piel,2421
804,11,4,4,20892.0,Color Piel,2422
805,11,4,5,41506.0,Color Piel,2423
806,11,4,6,17946.0,Color Piel,2424
807,11,4,7,27178.0,Color Piel,2425
808,11,4,8,24429.0,Color Piel,2426
809,11,4,10,1127.0,Color Piel,2427
810,11,5,1,19966.0,Color Piel,2428
811,11,5,3,11222.0,Color Piel,2429
812,11,5,4,1268.0,Color Piel,2430
813,11,5,5,63779.0,Color Piel,2431
814,11,5,6,6745.0,Color Piel,2432
815,11,5,7,20658.0,Color Piel,2433
816,11,5,8,12491.0,Color Piel,2434
817,11,5,10,1805.0,Color Piel,2435
818,11,6,1,8861.0,Color Piel,2436
819,11,6,3,1142.0,Color Piel,2437
820,11,6,4,12140.0,Color Piel,2438
821,11,6,5,6277.0,Color Piel,2439
822,11,6,6,25167.0,Color Piel,2440
823,11,6,7,6820.0,Color Piel,2441
824,11,6,8,11121.0,Color Piel,2442
825,11,6,9,320.0,Color Piel,2443
826,11,7,1,467.0,Color Piel,2444
827,11,7,2,1290.0,Color Piel,2445
828,11,7,4,4021.0,Color Piel,2446
829,11,7,5,19937.0,Color Piel,2447
830,11,7,6,25273.0,Color Piel,2448
831,11,7,7,55068.0,Color Piel,2449
832,11,7,8,27835.0,Color Piel,2450
833,11,8,1,7566.0,Color Piel,2451
834,11,8,3,5845.0,Color Piel,2452
835,11,8,4,10299.0,Color Piel,2453
836,11,8,5,19852.0,Color Piel,2454
837,11,8,6,29536.0,Color Piel,2455
838,11,8,7,13544.0,Color Piel,2456
839,11,8,8,40957.0,Color Piel,2457
840,11,8,9,2066.0,Color Piel,2458
841,11,8,10,10282.0,Color Piel,2459
842,11,9,1,773.0,Color Piel,2460
843,11,9,3,4926.0,Color Piel,2461
844,11,9,4,5291.0,Color Piel,2462
845,11,9,5,3739.0,Color Piel,2463
846,11,9,6,5411.0,Color Piel,2464
847,11,9,7,5849.0,Color Piel,2465
848,11,9,8,13531.0,Color Piel,2466
849,11,9,9,3490.0,Color Piel,2467
850,11,10,1,4038.0,Color Piel,2468
851,11,10,2,3383.0,Color Piel,2469
852,11,10,4,7059.0,Color Piel,2470
853,11,10,5,9715.0,Color Piel,2471
854,11,10,6,4682.0,Color Piel,2472
855,11,10,7,2609.0,Color Piel,2473
856,11,10,8,5382.0,Color Piel,2474
857,11,10,10,8562.0,Color Piel,2475
